DATE,TIME,MQ2,MQ3,MQ4,MQ6,MQ7,MQ135,TEMP,HUMI,Average,797.1742331,2432.494479,886.1779141,1861.469939,1428.719018,2102.110429,36.6,72.59385749
21/05/2025,22:15:20,812,2522,1076,2506,1430,2153,37,72.1,,,,,,,,,
21/05/2025,22:15:09,814,2527,1071,2511,1434,2163,37,72.1,,,,,,,,,
21/05/2025,22:14:58,814,2535,1075,2508,1432,2163,36.9,72,,,,,,,,,
21/05/2025,22:14:47,815,2534,1077,2503,1437,2165,36.9,72,,,,,,,,,
21/05/2025,22:14:36,826,2531,1074,2513,1437,2164,36.9,72,,,,,,,,,
21/05/2025,22:14:24,816,2533,1073,2513,1434,2167,36.9,72.1,,,,,,,,,
21/05/2025,22:14:13,815,2533,1073,2513,1435,2167,36.9,72.2,,,,,,,,,
21/05/2025,22:14:02,818,2537,1072,2514,1438,2171,37,72.2,,,,,,,,,
21/05/2025,22:13:51,818,2540,1069,2516,1439,2171,36.9,72.2,,,,,,,,,
21/05/2025,22:13:40,816,2533,1064,2512,1436,2164,37,72.2,,,,,,,,,
21/05/2025,22:13:29,816,2535,1062,2511,1436,2167,36.9,72.2,,,,,,,,,
21/05/2025,22:13:18,814,2538,1055,2511,1439,2166,36.9,72.2,,,,,,,,,
21/05/2025,22:13:07,817,2543,1056,2514,1436,2172,36.9,72.2,,,,,,,,,
21/05/2025,22:12:56,816,2541,1058,2508,1441,2171,36.9,72.3,,,,,,,,,
21/05/2025,22:12:45,813,2541,1052,2514,1441,2174,36.9,72.2,,,,,,,,,
21/05/2025,22:12:34,821,2549,1061,2522,1442,2176,36.9,72.2,,,,,,,,,
21/05/2025,22:12:23,819,2545,1056,2518,1441,2172,36.9,72.2,,,,,,,,,
21/05/2025,22:12:12,818,2545,1052,2512,1441,2171,36.9,72.2,,,,,,,,,
21/05/2025,22:12:01,818,2541,1060,2507,1436,2171,36.9,72.2,,,,,,,,,
21/05/2025,22:11:50,815,2541,1051,2508,1439,2170,36.9,72.2,,,,,,,,,
21/05/2025,22:11:38,816,2543,1044,2509,1441,2168,36.9,72.2,,,,,,,,,
21/05/2025,22:11:26,820,2544,1042,2511,1440,2176,36.9,72.2,,,,,,,,,
21/05/2025,22:11:15,818,2543,1042,2507,1444,2172,36.9,72.2,,,,,,,,,
21/05/2025,22:11:04,818,2546,1043,2509,1443,2172,36.9,72.2,,,,,,,,,
21/05/2025,22:10:53,819,2543,1040,2510,1440,2168,36.9,72.2,,,,,,,,,
21/05/2025,22:10:42,815,2541,1031,2509,1442,2170,36.9,72.2,,,,,,,,,
21/05/2025,22:10:31,815,2541,1020,2508,1437,2168,36.9,72.2,,,,,,,,,
21/05/2025,22:10:19,816,2542,1027,2508,1441,2173,36.9,72.1,,,,,,,,,
21/05/2025,22:10:08,817,2544,1019,2504,1440,2171,36.9,72.2,,,,,,,,,
21/05/2025,22:09:57,817,2550,1018,2517,1445,2173,36.9,72.1,,,,,,,,,
21/05/2025,22:09:47,816,2551,1015,2515,1446,2178,36.9,72.1,,,,,,,,,
21/05/2025,22:09:36,815,2553,1011,2514,1445,2177,36.9,72.2,,,,,,,,,
21/05/2025,22:09:24,822,2558,1008,2514,1447,2179,36.9,72.2,,,,,,,,,
21/05/2025,22:09:13,823,2557,1012,2519,1447,2183,36.9,72.2,,,,,,,,,
21/05/2025,22:09:02,822,2563,1010,2524,1452,2187,36.9,72.2,,,,,,,,,
21/05/2025,22:08:51,824,2563,1020,2529,1455,2191,36.9,72.2,,,,,,,,,
21/05/2025,22:08:41,826,2574,1011,2534,1455,2193,36.9,72.2,,,,,,,,,
21/05/2025,22:08:30,830,2573,1009,2538,1455,2193,36.9,72.3,,,,,,,,,
21/05/2025,22:08:19,828,2581,1015,2532,1457,2197,36.9,72.2,,,,,,,,,
21/05/2025,22:08:08,832,2589,1019,2539,1461,2201,36.9,72.2,,,,,,,,,
21/05/2025,22:07:57,828,2595,1021,2543,1461,2201,36.9,72.2,,,,,,,,,
21/05/2025,22:07:46,834,2589,1025,2536,1462,2200,36.9,72.2,,,,,,,,,
21/05/2025,22:07:35,833,2591,1022,2531,1458,2202,36.9,72.1,,,,,,,,,
21/05/2025,22:07:24,828,2592,1027,2542,1461,2204,36.9,72.2,,,,,,,,,
21/05/2025,22:07:13,830,2591,1029,2542,1460,2203,36.9,72.2,,,,,,,,,
21/05/2025,22:07:02,828,2588,1033,2535,1460,2202,36.9,72.2,,,,,,,,,
21/05/2025,22:06:49,827,2587,1029,2538,1458,2196,36.9,72.2,,,,,,,,,
21/05/2025,22:06:39,825,2581,1028,2531,1457,2201,36.9,72.2,,,,,,,,,
21/05/2025,22:06:27,826,2584,1035,2532,1461,2196,36.9,72.2,,,,,,,,,
21/05/2025,22:06:16,827,2579,1036,2539,1458,2194,36.9,72.2,,,,,,,,,
21/05/2025,22:06:04,827,2586,1040,2532,1459,2196,36.9,72.1,,,,,,,,,
21/05/2025,22:05:53,832,2576,1037,2541,1458,2195,36.9,72.1,,,,,,,,,
21/05/2025,22:05:41,826,2578,1039,2537,1457,2195,36.9,72.1,,,,,,,,,
21/05/2025,22:05:30,830,2575,1047,2531,1456,2191,36.9,72.1,,,,,,,,,
21/05/2025,22:05:17,830,2573,1043,2535,1457,2193,36.9,72.1,,,,,,,,,
21/05/2025,22:05:06,832,2577,1055,2537,1459,2194,36.9,72.1,,,,,,,,,
21/05/2025,22:04:54,831,2587,1059,2536,1460,2194,36.9,72.1,,,,,,,,,
21/05/2025,22:04:43,831,2579,1060,2534,1458,2198,36.9,72.1,,,,,,,,,
21/05/2025,22:04:30,830,2571,1073,2535,1457,2193,36.9,72.2,,,,,,,,,
21/05/2025,22:04:19,831,2574,1075,2533,1457,2194,36.9,72.2,,,,,,,,,
21/05/2025,22:04:08,832,2573,1089,2533,1457,2198,36.9,72.2,,,,,,,,,
21/05/2025,22:03:57,832,2567,1092,2525,1456,2197,36.9,72.2,,,,,,,,,
21/05/2025,22:03:46,830,2573,1097,2536,1457,2196,36.9,72.2,,,,,,,,,
21/05/2025,22:03:35,834,2571,1094,2532,1457,2198,36.9,72.1,,,,,,,,,
21/05/2025,22:03:24,833,2564,1109,2530,1458,2195,36.9,72.1,,,,,,,,,
21/05/2025,22:03:12,835,2558,1109,2523,1452,2188,36.9,72.1,,,,,,,,,
21/05/2025,22:02:59,833,2558,1115,2517,1454,2189,36.8,72.1,,,,,,,,,
21/05/2025,22:02:48,831,2556,1123,2521,1448,2185,36.9,72.1,,,,,,,,,
21/05/2025,22:02:36,831,2551,1129,2513,1446,2184,36.8,72.1,,,,,,,,,
21/05/2025,22:02:24,829,2546,1135,2515,1442,2187,36.9,72.1,,,,,,,,,
21/05/2025,22:02:14,828,2548,1134,2507,1436,2188,36.8,72.1,,,,,,,,,
21/05/2025,22:02:02,829,2542,1145,2507,1439,2187,36.8,72.2,,,,,,,,,
21/05/2025,22:01:51,829,2544,1147,2500,1436,2186,36.8,72.2,,,,,,,,,
21/05/2025,22:01:40,829,2540,1150,2500,1437,2186,36.8,72.2,,,,,,,,,
21/05/2025,22:01:29,829,2540,1158,2495,1435,2183,36.8,72.2,,,,,,,,,
21/05/2025,22:01:17,826,2533,1166,2489,1432,2180,36.8,72.2,,,,,,,,,
21/05/2025,22:01:06,829,2533,1173,2486,1433,2176,36.8,72.2,,,,,,,,,
21/05/2025,22:00:53,825,2522,1169,2478,1427,2171,36.8,72.2,,,,,,,,,
21/05/2025,22:00:41,826,2513,1173,2477,1425,2169,36.8,72.1,,,,,,,,,
21/05/2025,22:00:27,815,2498,1165,2461,1419,2154,36.8,72.2,,,,,,,,,
21/05/2025,22:00:16,790,2454,1142,2426,1410,2128,36.8,72.2,,,,,,,,,
21/05/2025,22:00:04,793,2462,1143,2429,1412,2131,36.8,72.2,,,,,,,,,
21/05/2025,21:59:53,798,2470,1154,2436,1415,2138,36.8,72.2,,,,,,,,,
21/05/2025,21:59:42,801,2468,1142,2440,1413,2136,36.8,72.2,,,,,,,,,
21/05/2025,21:59:30,800,2466,1142,2427,1412,2133,36.8,72.2,,,,,,,,,
21/05/2025,21:59:18,796,2459,1143,2420,1411,2126,36.8,72.3,,,,,,,,,
21/05/2025,21:59:07,801,2460,1135,2420,1411,2131,36.8,72.3,,,,,,,,,
21/05/2025,21:58:56,795,2454,1141,2419,1407,2127,36.8,72.3,,,,,,,,,
21/05/2025,21:58:45,793,2449,1134,2416,1407,2123,36.8,72.3,,,,,,,,,
21/05/2025,21:58:34,791,2448,1129,2407,1404,2120,36.8,72.4,,,,,,,,,
21/05/2025,21:58:23,792,2446,1131,2408,1404,2117,36.8,72.3,,,,,,,,,
21/05/2025,21:58:11,791,2444,1123,2404,1403,2117,36.8,72.3,,,,,,,,,
21/05/2025,21:58:00,793,2443,1118,2403,1403,2112,36.8,72.4,,,,,,,,,
21/05/2025,21:57:49,793,2445,1111,2407,1402,2112,36.8,72.4,,,,,,,,,
21/05/2025,21:57:38,791,2447,1113,2407,1402,2116,36.8,72.4,,,,,,,,,
21/05/2025,21:57:27,788,2445,1112,2396,1404,2111,36.8,72.4,,,,,,,,,
21/05/2025,21:57:15,794,2446,1114,2404,1406,2120,36.8,72.4,,,,,,,,,
21/05/2025,21:57:04,795,2454,1103,2409,1405,2121,36.8,72.4,,,,,,,,,
21/05/2025,21:56:52,793,2455,1104,2403,1408,2125,36.8,72.4,,,,,,,,,
21/05/2025,21:56:41,795,2453,1102,2398,1406,2120,36.8,72.4,,,,,,,,,
21/05/2025,21:56:30,797,2460,1099,2409,1410,2125,36.8,72.4,,,,,,,,,
21/05/2025,21:56:19,801,2470,1104,2412,1416,2131,36.8,72.4,,,,,,,,,
21/05/2025,21:56:08,803,2476,1114,2416,1420,2134,36.8,72.4,,,,,,,,,
21/05/2025,21:55:56,801,2475,1104,2414,1421,2134,36.8,72.4,,,,,,,,,
21/05/2025,21:55:45,797,2475,1112,2404,1420,2133,36.8,72.4,,,,,,,,,
21/05/2025,21:55:34,799,2474,1106,2406,1420,2131,36.8,72.4,,,,,,,,,
21/05/2025,21:55:23,800,2477,1109,2413,1419,2134,36.8,72.4,,,,,,,,,
21/05/2025,21:55:12,798,2474,1107,2406,1419,2134,36.8,72.4,,,,,,,,,
21/05/2025,21:55:01,798,2473,1100,2408,1419,2132,36.8,72.4,,,,,,,,,
21/05/2025,21:54:50,800,2476,1104,2403,1422,2136,36.8,72.4,,,,,,,,,
21/05/2025,21:54:39,798,2480,1108,2403,1424,2137,36.8,72.5,,,,,,,,,
21/05/2025,21:54:28,800,2477,1107,2394,1424,2138,36.8,72.4,,,,,,,,,
21/05/2025,21:54:16,798,2470,1096,2399,1422,2130,36.8,72.5,,,,,,,,,
21/05/2025,21:54:05,800,2464,1092,2392,1413,2125,36.8,72.4,,,,,,,,,
21/05/2025,21:53:54,797,2462,1090,2381,1414,2125,36.8,72.4,,,,,,,,,
21/05/2025,21:53:42,792,2460,1087,2381,1413,2121,36.8,72.4,,,,,,,,,
21/05/2025,21:53:30,797,2463,1093,2383,1415,2128,36.8,72.4,,,,,,,,,
21/05/2025,21:53:18,799,2470,1088,2381,1418,2127,36.8,72.4,,,,,,,,,
21/05/2025,21:53:07,797,2465,1090,2379,1415,2122,36.8,72.4,,,,,,,,,
21/05/2025,21:52:56,793,2463,1081,2378,1414,2121,36.8,72.4,,,,,,,,,
21/05/2025,21:52:44,793,2459,1077,2378,1414,2122,36.8,72.5,,,,,,,,,
21/05/2025,21:52:33,793,2457,1072,2371,1412,2117,36.8,72.5,,,,,,,,,
21/05/2025,21:52:22,794,2464,1072,2369,1414,2124,36.8,72.5,,,,,,,,,
21/05/2025,21:52:11,798,2478,1077,2383,1420,2130,36.8,72.5,,,,,,,,,
21/05/2025,21:52:00,796,2477,1083,2376,1423,2131,36.8,72.4,,,,,,,,,
21/05/2025,21:51:48,803,2484,1076,2386,1424,2137,36.8,72.5,,,,,,,,,
21/05/2025,21:51:37,802,2482,1087,2386,1424,2135,36.8,72.5,,,,,,,,,
21/05/2025,21:51:25,804,2483,1081,2382,1425,2140,36.8,72.5,,,,,,,,,
21/05/2025,21:51:13,804,2482,1082,2386,1424,2134,36.8,72.5,,,,,,,,,
21/05/2025,21:51:02,803,2481,1079,2372,1424,2133,36.8,72.5,,,,,,,,,
21/05/2025,21:50:51,803,2481,1079,2377,1423,2136,36.8,72.5,,,,,,,,,
21/05/2025,21:50:40,808,2484,1078,2370,1425,2139,36.8,72.5,,,,,,,,,
21/05/2025,21:50:28,802,2481,1080,2371,1423,2133,36.8,72.5,,,,,,,,,
21/05/2025,21:50:17,808,2485,1081,2374,1427,2138,36.8,72.5,,,,,,,,,
21/05/2025,21:50:05,805,2487,1073,2366,1425,2140,36.8,72.5,,,,,,,,,
21/05/2025,21:49:53,812,2489,1079,2368,1427,2143,36.8,72.6,,,,,,,,,
21/05/2025,21:49:41,808,2488,1083,2367,1427,2141,36.8,72.6,,,,,,,,,
21/05/2025,21:49:30,805,2484,1075,2371,1426,2135,36.8,72.6,,,,,,,,,
21/05/2025,21:49:19,803,2468,1069,2347,1417,2127,36.8,72.6,,,,,,,,,
21/05/2025,21:49:08,803,2478,1073,2354,1422,2129,36.8,72.6,,,,,,,,,
21/05/2025,21:48:57,804,2484,1069,2350,1424,2135,36.8,72.6,,,,,,,,,
21/05/2025,21:48:46,806,2482,1075,2356,1425,2141,36.8,72.6,,,,,,,,,
21/05/2025,21:48:35,803,2474,1064,2346,1421,2128,36.8,72.6,,,,,,,,,
21/05/2025,21:48:24,802,2476,1065,2342,1421,2128,36.9,72.7,,,,,,,,,
21/05/2025,21:48:13,802,2474,1065,2339,1418,2131,36.9,72.7,,,,,,,,,
21/05/2025,21:48:01,794,2468,1059,2330,1413,2124,36.8,72.6,,,,,,,,,
21/05/2025,21:47:50,803,2481,1060,2340,1421,2136,36.8,72.7,,,,,,,,,
21/05/2025,21:47:39,807,2483,1064,2347,1423,2132,36.9,72.6,,,,,,,,,
21/05/2025,21:47:28,808,2481,1061,2336,1423,2134,36.9,72.6,,,,,,,,,
21/05/2025,21:47:17,804,2481,1061,2340,1421,2133,36.9,72.7,,,,,,,,,
21/05/2025,21:47:05,805,2481,1055,2335,1424,2133,36.9,72.8,,,,,,,,,
21/05/2025,21:46:54,808,2481,1052,2331,1423,2132,nan,nan,,,,,,,,,
21/05/2025,21:46:43,806,2479,1054,2329,1421,2130,36.9,72.9,,,,,,,,,
21/05/2025,21:46:31,805,2478,1048,2326,1421,2128,36.9,72.9,,,,,,,,,
21/05/2025,21:46:20,809,2482,1047,2328,1423,2134,36.9,73,,,,,,,,,
21/05/2025,21:46:08,809,2479,1045,2324,1421,2133,36.9,72.9,,,,,,,,,
21/05/2025,21:45:57,809,2482,1046,2325,1423,2133,36.9,73,,,,,,,,,
21/05/2025,21:45:46,806,2482,1045,2319,1423,2133,36.9,73,,,,,,,,,
21/05/2025,21:45:35,809,2483,1049,2315,1425,2131,36.9,73,,,,,,,,,
21/05/2025,21:45:24,806,2483,1041,2320,1424,2135,36.9,73,,,,,,,,,
21/05/2025,21:45:13,805,2484,1031,2311,1425,2137,36.9,73,,,,,,,,,
21/05/2025,21:45:02,802,2480,1026,2314,1423,2130,36.8,73,,,,,,,,,
21/05/2025,21:44:51,799,2478,1030,2304,1422,2133,36.8,73,,,,,,,,,
21/05/2025,21:44:40,805,2481,1017,2297,1422,2129,36.9,73,,,,,,,,,
21/05/2025,21:44:29,808,2489,1028,2305,1426,2140,36.8,73.1,,,,,,,,,
21/05/2025,21:44:15,808,2485,1014,2303,1424,2133,36.8,73,,,,,,,,,
21/05/2025,21:44:04,809,2485,1015,2300,1424,2134,36.8,73.1,,,,,,,,,
21/05/2025,21:43:53,805,2486,1002,2298,1427,2132,36.8,73.1,,,,,,,,,
21/05/2025,21:43:42,805,2486,1002,2293,1425,2138,36.8,73.1,,,,,,,,,
21/05/2025,21:43:30,808,2487,1003,2293,1424,2134,36.8,73.1,,,,,,,,,
21/05/2025,21:43:18,807,2487,999,2283,1426,2140,36.8,73.2,,,,,,,,,
21/05/2025,21:43:08,809,2494,999,2285,1427,2138,36.8,73.2,,,,,,,,,
21/05/2025,21:42:56,812,2499,1001,2285,1433,2148,36.8,73.2,,,,,,,,,
21/05/2025,21:42:45,809,2497,999,2283,1433,2144,36.8,73.2,,,,,,,,,
21/05/2025,21:42:34,816,2502,986,2282,1435,2152,36.8,73.3,,,,,,,,,
21/05/2025,21:42:23,809,2496,990,2274,1432,2144,36.8,73.3,,,,,,,,,
21/05/2025,21:42:12,812,2496,976,2270,1432,2140,36.8,73.3,,,,,,,,,
21/05/2025,21:42:00,808,2495,981,2270,1430,2147,36.8,73.3,,,,,,,,,
21/05/2025,21:41:49,811,2495,978,2276,1430,2141,36.8,73.3,,,,,,,,,
21/05/2025,21:41:39,811,2504,975,2279,1434,2149,36.8,73.3,,,,,,,,,
21/05/2025,21:41:27,813,2506,978,2280,1437,2154,36.8,73.3,,,,,,,,,
21/05/2025,21:41:16,816,2513,980,2278,1443,2157,36.8,73.2,,,,,,,,,
21/05/2025,21:41:05,817,2520,981,2285,1445,2164,36.8,73.2,,,,,,,,,
21/05/2025,21:40:54,815,2516,985,2285,1441,2159,36.8,73.2,,,,,,,,,
21/05/2025,21:40:43,815,2513,974,2276,1441,2159,36.8,73.2,,,,,,,,,
21/05/2025,21:40:31,818,2514,971,2285,1444,2155,36.8,73.1,,,,,,,,,
21/05/2025,21:40:19,817,2517,968,2272,1445,2160,36.8,73.1,,,,,,,,,
21/05/2025,21:40:08,821,2520,976,2281,1445,2164,36.8,73.1,,,,,,,,,
21/05/2025,21:39:57,818,2518,976,2278,1446,2164,36.8,73.1,,,,,,,,,
21/05/2025,21:39:46,815,2521,980,2280,1449,2166,36.8,73.2,,,,,,,,,
21/05/2025,21:39:35,817,2512,960,2272,1443,2156,36.8,73.1,,,,,,,,,
21/05/2025,21:39:24,817,2517,975,2272,1447,2161,36.8,73.1,,,,,,,,,
21/05/2025,21:39:13,818,2520,977,2267,1447,2162,36.8,73.1,,,,,,,,,
21/05/2025,21:39:01,819,2524,977,2270,1450,2165,36.8,73.1,,,,,,,,,
21/05/2025,21:38:50,822,2526,977,2269,1450,2165,36.8,73.1,,,,,,,,,
21/05/2025,21:38:38,819,2521,974,2265,1446,2163,36.8,73.1,,,,,,,,,
21/05/2025,21:38:27,819,2517,968,2265,1445,2158,36.8,73.1,,,,,,,,,
21/05/2025,21:38:16,816,2515,973,2266,1446,2161,36.8,73.1,,,,,,,,,
21/05/2025,21:38:04,818,2518,969,2273,1442,2158,36.8,73,,,,,,,,,
21/05/2025,21:37:53,820,2516,972,2265,1445,2161,36.8,73.1,,,,,,,,,
21/05/2025,21:37:42,818,2512,975,2255,1447,2161,36.8,73.1,,,,,,,,,
21/05/2025,21:37:30,819,2511,980,2253,1442,2154,36.8,73.1,,,,,,,,,
21/05/2025,21:37:19,818,2512,972,2254,1444,2159,36.8,73.1,,,,,,,,,
21/05/2025,21:37:09,815,2513,974,2257,1443,2156,36.8,73.1,,,,,,,,,
21/05/2025,21:36:53,817,2508,978,2258,1444,2154,36.8,73.1,,,,,,,,,
21/05/2025,21:36:46,818,2509,976,2246,1440,2158,36.8,73.1,,,,,,,,,
21/05/2025,21:36:28,818,2512,981,2253,1442,2157,36.8,73.1,,,,,,,,,
21/05/2025,21:36:16,818,2501,972,2248,1439,2151,36.8,73.1,,,,,,,,,
21/05/2025,21:36:04,817,2500,970,2236,1435,2145,36.8,73.1,,,,,,,,,
21/05/2025,21:35:51,817,2506,974,2254,1437,2144,36.8,73.2,,,,,,,,,
21/05/2025,21:35:40,821,2508,981,2250,1441,2153,36.8,73.2,,,,,,,,,
21/05/2025,21:35:29,819,2504,973,2247,1440,2151,36.8,73.2,,,,,,,,,
21/05/2025,21:35:18,820,2511,982,2243,1443,2158,36.8,73.2,,,,,,,,,
21/05/2025,21:35:07,819,2510,988,2245,1443,2150,36.8,73.2,,,,,,,,,
21/05/2025,21:34:55,817,2511,980,2243,1443,2154,36.8,73.2,,,,,,,,,
21/05/2025,21:34:44,819,2509,976,2245,1446,2156,36.8,73.2,,,,,,,,,
21/05/2025,21:34:33,819,2506,982,2244,1444,2152,36.8,73.2,,,,,,,,,
21/05/2025,21:34:22,822,2514,982,2239,1444,2159,36.8,73.2,,,,,,,,,
21/05/2025,21:34:11,824,2515,991,2242,1447,2154,36.8,73.2,,,,,,,,,
21/05/2025,21:34:00,820,2511,994,2245,1445,2156,36.8,73.1,,,,,,,,,
21/05/2025,21:33:49,820,2509,998,2235,1444,2154,36.8,73.2,,,,,,,,,
21/05/2025,21:33:37,819,2503,990,2238,1441,2148,36.8,73.2,,,,,,,,,
21/05/2025,21:33:26,818,2498,985,2227,1438,2145,36.8,73.2,,,,,,,,,
21/05/2025,21:33:14,818,2495,988,2227,1439,2144,36.7,73.1,,,,,,,,,
21/05/2025,21:33:03,818,2492,985,2231,1439,2145,36.7,73.2,,,,,,,,,
21/05/2025,21:32:52,818,2491,991,2229,1437,2146,36.7,73.1,,,,,,,,,
21/05/2025,21:32:40,819,2490,989,2226,1439,2138,36.7,73.1,,,,,,,,,
21/05/2025,21:32:28,815,2489,995,2224,1435,2141,36.7,73.1,,,,,,,,,
21/05/2025,21:32:17,816,2490,1006,2225,1436,2140,36.7,73.1,,,,,,,,,
21/05/2025,21:32:06,819,2492,1006,2223,1438,2144,36.7,73,,,,,,,,,
21/05/2025,21:31:55,818,2490,1008,2217,1437,2140,36.7,73,,,,,,,,,
21/05/2025,21:31:43,820,2494,1011,2227,1439,2147,36.7,73,,,,,,,,,
21/05/2025,21:31:31,823,2494,1028,2223,1442,2147,36.7,73,,,,,,,,,
21/05/2025,21:31:20,821,2489,1026,2212,1436,2147,36.7,73,,,,,,,,,
21/05/2025,21:31:08,818,2487,1035,2220,1434,2141,36.7,73,,,,,,,,,
21/05/2025,21:30:56,818,2480,1042,2205,1433,2136,36.7,73.1,,,,,,,,,
21/05/2025,21:30:43,818,2477,1051,2208,1429,2136,36.7,73.1,,,,,,,,,
21/05/2025,21:30:32,820,2477,1046,2209,1431,2135,36.7,73,,,,,,,,,
21/05/2025,21:30:21,818,2471,1060,2191,1429,2134,36.7,73.1,,,,,,,,,
21/05/2025,21:30:09,815,2460,1056,2188,1426,2125,36.7,73.1,,,,,,,,,
21/05/2025,21:29:58,815,2452,1066,2183,1421,2119,36.7,73.1,,,,,,,,,
21/05/2025,21:29:47,808,2436,1050,2166,1413,2106,36.7,73.1,,,,,,,,,
21/05/2025,21:29:36,798,2414,1044,2150,1398,2091,36.7,73,,,,,,,,,
21/05/2025,21:29:24,802,2425,1050,2159,1406,2096,36.7,73,,,,,,,,,
21/05/2025,21:29:13,797,2416,1042,2151,1398,2090,36.7,73,,,,,,,,,
21/05/2025,21:29:02,802,2417,1048,2155,1405,2094,36.7,73,,,,,,,,,
21/05/2025,21:28:49,795,2400,1034,2139,1394,2080,36.7,73,,,,,,,,,
21/05/2025,21:28:38,799,2407,1038,2140,1397,2081,36.7,72.9,,,,,,,,,
21/05/2025,21:28:27,801,2419,1042,2144,1401,2095,36.7,73,,,,,,,,,
21/05/2025,21:28:16,799,2407,1045,2143,1395,2084,36.7,73,,,,,,,,,
21/05/2025,21:28:05,804,2414,1043,2138,1402,2092,36.7,72.9,,,,,,,,,
21/05/2025,21:27:54,799,2407,1037,2129,1398,2082,36.7,72.9,,,,,,,,,
21/05/2025,21:27:43,802,2417,1041,2153,1401,2090,36.7,72.9,,,,,,,,,
21/05/2025,21:27:32,796,2401,1032,2134,1396,2080,36.7,72.9,,,,,,,,,
21/05/2025,21:27:21,795,2397,1034,2116,1390,2075,36.7,72.8,,,,,,,,,
21/05/2025,21:27:10,801,2416,1052,2135,1400,2091,36.7,72.8,,,,,,,,,
21/05/2025,21:26:59,806,2420,1056,2140,1407,2098,36.7,72.8,,,,,,,,,
21/05/2025,21:26:48,801,2402,1044,2122,1396,2080,36.7,72.8,,,,,,,,,
21/05/2025,21:26:38,799,2404,1046,2123,1396,2085,36.7,72.9,,,,,,,,,
21/05/2025,21:26:27,791,2390,1043,2110,1387,2070,36.7,72.8,,,,,,,,,
21/05/2025,21:26:16,796,2396,1047,2120,1392,2074,36.7,72.8,,,,,,,,,
21/05/2025,21:26:04,796,2391,1047,2114,1395,2073,36.7,72.8,,,,,,,,,
21/05/2025,21:25:52,789,2374,1030,2098,1382,2061,36.7,72.8,,,,,,,,,
21/05/2025,21:25:41,792,2377,1037,2099,1384,2058,36.7,72.8,,,,,,,,,
21/05/2025,21:25:30,784,2367,1018,2094,1380,2051,36.7,72.8,,,,,,,,,
21/05/2025,21:25:19,785,2366,1014,2095,1376,2050,36.8,72.8,,,,,,,,,
21/05/2025,21:25:07,783,2365,1005,2086,1374,2046,36.7,72.8,,,,,,,,,
21/05/2025,21:24:56,786,2375,1015,2088,1380,2056,36.7,72.8,,,,,,,,,
21/05/2025,21:24:45,799,2407,1027,2113,1396,2076,36.8,72.9,,,,,,,,,
21/05/2025,21:24:33,794,2399,1034,2113,1396,2080,36.8,73,,,,,,,,,
21/05/2025,21:24:22,793,2387,1016,2095,1387,2073,36.7,72.9,,,,,,,,,
21/05/2025,21:24:10,798,2406,1022,2109,1396,2083,36.7,73,,,,,,,,,
21/05/2025,21:24:01,795,2410,1028,2101,1401,2088,36.7,72.9,,,,,,,,,
21/05/2025,21:23:59,801,2408,1034,2106,1398,2082,36.7,73,,,,,,,,,
21/05/2025,21:23:46,801,2412,1034,2109,1399,2092,36.7,73,,,,,,,,,
21/05/2025,21:23:21,802,2416,1036,2102,1405,2091,36.7,72.9,,,,,,,,,
21/05/2025,21:23:10,808,2422,1049,2113,1408,2097,36.7,72.9,,,,,,,,,
21/05/2025,21:22:59,806,2413,1047,2106,1402,2093,36.7,72.9,,,,,,,,,
21/05/2025,21:22:48,805,2411,1050,2101,1403,2087,36.7,72.9,,,,,,,,,
21/05/2025,21:22:37,797,2406,1039,2089,1399,2078,36.7,72.9,,,,,,,,,
21/05/2025,21:22:26,799,2388,1034,2083,1393,2075,36.7,72.9,,,,,,,,,
21/05/2025,21:22:15,783,2360,1007,2047,1374,2038,36.7,72.9,,,,,,,,,
21/05/2025,21:22:04,785,2365,1007,2052,1379,2044,36.7,72.9,,,,,,,,,
21/05/2025,21:21:53,790,2383,1031,2067,1389,2063,36.7,72.8,,,,,,,,,
21/05/2025,21:21:41,803,2410,1034,2079,1402,2088,36.7,72.8,,,,,,,,,
21/05/2025,21:21:30,803,2413,1044,2080,1406,2088,36.7,72.8,,,,,,,,,
21/05/2025,21:21:17,808,2415,1042,2086,1406,2091,36.7,72.8,,,,,,,,,
21/05/2025,21:21:06,796,2400,1042,2075,1398,2080,36.7,72.8,,,,,,,,,
21/05/2025,21:20:56,797,2386,1032,2059,1393,2069,36.7,72.8,,,,,,,,,
21/05/2025,21:20:44,786,2363,1008,2039,1381,2046,36.7,72.8,,,,,,,,,
21/05/2025,21:20:32,783,2361,1003,2026,1376,2041,36.7,72.8,,,,,,,,,
21/05/2025,21:20:21,792,2381,1021,2046,1388,2065,36.7,72.8,,,,,,,,,
21/05/2025,21:20:10,790,2381,1015,2043,1387,2064,36.7,72.7,,,,,,,,,
21/05/2025,21:19:58,790,2373,1016,2041,1389,2062,36.7,72.7,,,,,,,,,
21/05/2025,21:19:47,789,2372,1010,2034,1386,2055,36.7,72.7,,,,,,,,,
21/05/2025,21:19:36,792,2380,1010,2035,1390,2062,36.7,72.7,,,,,,,,,
21/05/2025,21:19:25,796,2382,1009,2036,1388,2063,36.7,72.7,,,,,,,,,
21/05/2025,21:19:13,789,2376,1008,2029,1389,2058,36.7,72.7,,,,,,,,,
21/05/2025,21:19:01,787,2377,1014,2032,1388,2064,36.7,72.7,,,,,,,,,
21/05/2025,21:18:49,788,2373,1011,2024,1386,2059,36.7,72.7,,,,,,,,,
21/05/2025,21:18:38,787,2376,1010,2027,1386,2058,36.7,72.7,,,,,,,,,
21/05/2025,21:18:26,790,2374,1005,2022,1392,2062,36.7,72.7,,,,,,,,,
21/05/2025,21:18:16,787,2372,1011,2012,1386,2058,36.7,72.7,,,,,,,,,
21/05/2025,21:17:58,792,2374,1009,2023,1386,2056,36.7,72.6,,,,,,,,,
21/05/2025,21:17:47,792,2368,1002,2006,1385,2047,36.7,72.6,,,,,,,,,
21/05/2025,21:17:32,789,2369,996,2007,1387,2055,36.7,72.6,,,,,,,,,
21/05/2025,21:17:21,791,2371,1004,2012,1388,2055,36.7,72.6,,,,,,,,,
21/05/2025,21:17:10,788,2368,994,2002,1387,2052,36.7,72.6,,,,,,,,,
21/05/2025,21:16:59,786,2369,1001,1999,1386,2047,36.7,72.6,,,,,,,,,
21/05/2025,21:16:48,792,2370,991,2003,1387,2050,36.7,72.5,,,,,,,,,
21/05/2025,21:16:37,788,2368,994,1999,1383,2049,36.7,72.5,,,,,,,,,
21/05/2025,21:16:25,785,2366,988,1989,1381,2046,36.7,72.5,,,,,,,,,
21/05/2025,21:16:14,790,2371,993,1992,1388,2055,36.7,72.6,,,,,,,,,
21/05/2025,21:16:02,786,2371,986,1997,1388,2058,36.7,72.6,,,,,,,,,
21/05/2025,21:15:51,793,2376,989,1998,1389,2057,36.6,72.6,,,,,,,,,
21/05/2025,21:15:40,792,2374,991,2000,1388,2052,36.6,72.6,,,,,,,,,
21/05/2025,21:15:28,791,2371,991,1990,1388,2049,36.7,72.6,,,,,,,,,
21/05/2025,21:15:15,793,2370,986,1986,1387,2046,36.7,72.6,,,,,,,,,
21/05/2025,21:15:03,787,2371,981,1987,1387,2053,36.7,72.6,,,,,,,,,
21/05/2025,21:14:52,788,2368,981,1989,1387,2046,36.7,72.6,,,,,,,,,
21/05/2025,21:14:40,789,2372,981,1983,1390,2052,36.7,72.5,,,,,,,,,
21/05/2025,21:14:29,793,2381,984,1985,1395,2058,36.6,72.5,,,,,,,,,
21/05/2025,21:14:16,791,2386,991,1987,1394,2063,36.6,72.5,,,,,,,,,
21/05/2025,21:14:05,795,2381,984,1981,1392,2059,36.6,72.4,,,,,,,,,
21/05/2025,21:13:54,793,2381,988,1977,1393,2062,36.6,72.5,,,,,,,,,
21/05/2025,21:13:43,795,2377,992,1976,1392,2062,36.6,72.4,,,,,,,,,
21/05/2025,21:13:32,790,2381,982,1983,1391,2063,36.6,72.4,,,,,,,,,
21/05/2025,21:13:21,791,2372,982,1973,1385,2049,36.6,72.4,,,,,,,,,
21/05/2025,21:13:10,789,2365,979,1969,1387,2043,36.6,72.4,,,,,,,,,
21/05/2025,21:12:59,788,2367,978,1963,1386,2045,36.6,72.5,,,,,,,,,
21/05/2025,21:12:47,787,2371,975,1958,1390,2052,36.6,72.4,,,,,,,,,
21/05/2025,21:12:35,792,2373,977,1959,1388,2053,36.6,72.5,,,,,,,,,
21/05/2025,21:12:24,791,2373,983,1962,1387,2054,36.6,72.5,,,,,,,,,
21/05/2025,21:12:13,796,2376,986,1966,1391,2058,36.6,72.4,,,,,,,,,
21/05/2025,21:12:01,795,2378,982,1956,1394,2055,36.6,72.4,,,,,,,,,
21/05/2025,21:11:50,797,2380,979,1958,1391,2057,36.6,72.5,,,,,,,,,
21/05/2025,21:11:39,793,2377,983,1958,1390,2060,36.6,72.5,,,,,,,,,
21/05/2025,21:11:28,794,2373,975,1954,1392,2059,36.6,72.4,,,,,,,,,
21/05/2025,21:11:16,792,2373,982,1945,1391,2054,36.6,72.5,,,,,,,,,
21/05/2025,21:11:04,792,2373,977,1944,1390,2058,36.6,72.5,,,,,,,,,
21/05/2025,21:10:52,792,2372,981,1945,1391,2052,36.6,72.4,,,,,,,,,
21/05/2025,21:10:41,791,2371,982,1936,1392,2053,36.6,72.4,,,,,,,,,
21/05/2025,21:10:30,793,2368,974,1939,1388,2046,36.6,72.4,,,,,,,,,
21/05/2025,21:10:19,791,2363,969,1931,1388,2052,36.6,72.4,,,,,,,,,
21/05/2025,21:10:08,791,2369,978,1932,1390,2056,36.6,72.4,,,,,,,,,
21/05/2025,21:09:57,795,2368,978,1933,1389,2048,36.6,72.4,,,,,,,,,
21/05/2025,21:09:46,793,2366,966,1927,1391,2052,36.6,72.4,,,,,,,,,
21/05/2025,21:09:34,796,2368,972,1920,1387,2050,36.6,72.4,,,,,,,,,
21/05/2025,21:09:23,793,2366,966,1919,1388,2049,36.6,72.5,,,,,,,,,
21/05/2025,21:09:12,791,2363,972,1919,1385,2051,36.6,72.5,,,,,,,,,
21/05/2025,21:09:01,790,2362,960,1917,1389,2044,36.6,72.5,,,,,,,,,
21/05/2025,21:08:50,786,2357,961,1909,1385,2040,36.6,72.5,,,,,,,,,
21/05/2025,21:08:39,793,2355,955,1916,1384,2042,36.6,72.5,,,,,,,,,
21/05/2025,21:08:27,787,2356,953,1909,1383,2038,36.6,72.5,,,,,,,,,
21/05/2025,21:08:16,788,2353,956,1901,1382,2037,36.6,72.6,,,,,,,,,
21/05/2025,21:08:05,785,2357,949,1896,1386,2036,36.6,72.5,,,,,,,,,
21/05/2025,21:07:49,789,2358,947,1898,1385,2036,36.6,72.5,,,,,,,,,
21/05/2025,21:07:35,789,2367,956,1907,1391,2047,36.6,72.5,,,,,,,,,
21/05/2025,21:07:24,792,2376,954,1905,1392,2055,36.6,72.5,,,,,,,,,
21/05/2025,21:07:12,798,2378,948,1910,1396,2059,36.6,72.4,,,,,,,,,
21/05/2025,21:06:59,797,2380,958,1904,1397,2059,36.6,72.4,,,,,,,,,
21/05/2025,21:06:48,794,2376,957,1902,1397,2057,36.6,72.4,,,,,,,,,
21/05/2025,21:06:34,796,2378,956,1897,1397,2055,36.6,72.4,,,,,,,,,
21/05/2025,21:06:23,794,2378,958,1896,1395,2059,36.5,72.4,,,,,,,,,
21/05/2025,21:06:12,798,2376,961,1893,1394,2055,36.6,72.4,,,,,,,,,
21/05/2025,21:06:00,793,2376,949,1887,1397,2051,36.5,72.3,,,,,,,,,
21/05/2025,21:05:48,794,2376,947,1892,1394,2054,36.5,72.3,,,,,,,,,
21/05/2025,21:05:37,792,2371,938,1884,1391,2053,36.5,72.3,,,,,,,,,
21/05/2025,21:05:25,795,2371,946,1875,1394,2047,36.5,72.3,,,,,,,,,
21/05/2025,21:05:14,797,2369,944,1881,1394,2055,36.5,72.3,,,,,,,,,
21/05/2025,21:05:02,793,2368,943,1874,1392,2049,36.5,72.4,,,,,,,,,
21/05/2025,21:04:47,794,2368,934,1876,1393,2046,36.5,72.3,,,,,,,,,
21/05/2025,21:04:34,795,2373,945,1870,1394,2056,36.5,72.4,,,,,,,,,
21/05/2025,21:04:22,795,2370,939,1862,1395,2046,36.5,72.3,,,,,,,,,
21/05/2025,21:04:09,794,2367,940,1865,1394,2054,36.5,72.3,,,,,,,,,
21/05/2025,21:03:58,793,2369,940,1861,1394,2048,36.5,72.2,,,,,,,,,
21/05/2025,21:03:47,792,2368,937,1855,1395,2049,36.5,72.3,,,,,,,,,
21/05/2025,21:03:35,794,2368,934,1856,1394,2045,36.5,72.3,,,,,,,,,
21/05/2025,21:03:23,795,2370,941,1863,1398,2052,36.5,72.2,,,,,,,,,
21/05/2025,21:03:12,796,2370,931,1857,1394,2050,36.5,72.2,,,,,,,,,
21/05/2025,21:03:01,793,2368,940,1848,1394,2050,36.5,72.3,,,,,,,,,
21/05/2025,21:02:49,800,2374,939,1855,1397,2057,36.5,72.2,,,,,,,,,
21/05/2025,21:02:37,795,2366,938,1843,1394,2048,36.5,72.2,,,,,,,,,
21/05/2025,21:02:26,796,2357,930,1840,1391,2038,36.5,72.2,,,,,,,,,
21/05/2025,21:02:14,797,2362,927,1837,1393,2039,36.5,72.1,,,,,,,,,
21/05/2025,21:02:03,796,2359,930,1843,1396,2048,36.5,72.1,,,,,,,,,
21/05/2025,21:01:50,797,2355,929,1825,1388,2040,36.5,72.1,,,,,,,,,
21/05/2025,21:01:39,798,2358,930,1830,1393,2037,36.5,72.1,,,,,,,,,
21/05/2025,21:01:28,795,2361,936,1825,1393,2037,36.5,72.1,,,,,,,,,
21/05/2025,21:01:16,800,2358,934,1822,1396,2042,36.5,72.1,,,,,,,,,
21/05/2025,21:01:05,795,2360,926,1826,1395,2042,36.5,72.1,,,,,,,,,
21/05/2025,21:00:54,796,2354,926,1812,1392,2040,36.5,72.1,,,,,,,,,
21/05/2025,21:00:43,797,2352,922,1810,1391,2035,36.5,72.1,,,,,,,,,
21/05/2025,21:00:31,794,2353,929,1808,1391,2033,36.5,72.1,,,,,,,,,
21/05/2025,21:00:20,797,2352,924,1813,1392,2037,36.5,72.1,,,,,,,,,
21/05/2025,21:00:09,797,2350,926,1801,1391,2035,36.5,72.1,,,,,,,,,
21/05/2025,20:59:58,798,2350,915,1816,1391,2036,36.5,72.1,,,,,,,,,
21/05/2025,20:59:47,792,2349,919,1804,1393,2033,36.5,72.1,,,,,,,,,
21/05/2025,20:59:36,793,2353,921,1806,1393,2035,36.5,72.1,,,,,,,,,
21/05/2025,20:59:26,790,2349,917,1803,1395,2032,36.4,72.1,,,,,,,,,
21/05/2025,20:59:15,789,2353,918,1796,1394,2033,36.5,72.1,,,,,,,,,
21/05/2025,20:59:04,790,2352,914,1796,1396,2037,36.5,72,,,,,,,,,
21/05/2025,20:58:53,796,2359,926,1804,1400,2049,36.5,72,,,,,,,,,
21/05/2025,20:58:42,794,2363,918,1793,1402,2046,36.5,72,,,,,,,,,
21/05/2025,20:58:29,799,2365,923,1801,1403,2046,36.5,72,,,,,,,,,
21/05/2025,20:58:18,796,2361,921,1794,1401,2041,36.5,72,,,,,,,,,
21/05/2025,20:58:07,798,2361,915,1790,1400,2042,36.5,71.9,,,,,,,,,
21/05/2025,20:57:56,798,2362,921,1792,1404,2049,36.5,71.9,,,,,,,,,
21/05/2025,20:57:46,796,2367,926,1786,1405,2054,36.5,71.9,,,,,,,,,
21/05/2025,20:57:35,796,2366,921,1789,1404,2047,36.5,71.9,,,,,,,,,
21/05/2025,20:57:24,798,2365,931,1786,1407,2057,36.5,72,,,,,,,,,
21/05/2025,20:57:13,799,2367,924,1783,1405,2056,36.5,71.9,,,,,,,,,
21/05/2025,20:57:02,800,2367,925,1781,1405,2058,36.5,72,,,,,,,,,
21/05/2025,20:56:52,799,2369,935,1784,1406,2050,36.5,72,,,,,,,,,
21/05/2025,20:56:40,803,2366,934,1778,1402,2058,36.5,72,,,,,,,,,
21/05/2025,20:56:30,798,2364,941,1776,1406,2051,36.5,71.9,,,,,,,,,
21/05/2025,20:56:18,798,2348,929,1763,1395,2036,36.5,71.9,,,,,,,,,
21/05/2025,20:56:07,794,2344,925,1763,1394,2035,36.5,71.9,,,,,,,,,
21/05/2025,20:55:56,797,2342,924,1767,1393,2035,36.5,71.9,,,,,,,,,
21/05/2025,20:55:46,795,2339,928,1751,1391,2031,36.5,71.9,,,,,,,,,
21/05/2025,20:55:35,791,2337,923,1757,1396,2029,36.5,72,,,,,,,,,
21/05/2025,20:55:24,792,2333,928,1755,1390,2029,36.5,72,,,,,,,,,
21/05/2025,20:55:14,790,2335,928,1745,1392,2030,36.5,71.9,,,,,,,,,
21/05/2025,20:55:04,792,2336,918,1745,1391,2032,36.5,71.9,,,,,,,,,
21/05/2025,20:54:53,791,2334,927,1742,1392,2031,36.5,71.9,,,,,,,,,
21/05/2025,20:54:41,794,2339,925,1750,1392,2031,36.5,71.9,,,,,,,,,
21/05/2025,20:54:31,795,2343,925,1741,1394,2036,36.5,71.9,,,,,,,,,
21/05/2025,20:54:20,797,2340,919,1743,1394,2033,36.5,71.9,,,,,,,,,
21/05/2025,20:54:09,795,2342,923,1741,1395,2033,36.5,71.9,,,,,,,,,
21/05/2025,20:53:58,795,2339,926,1741,1394,2033,36.4,71.9,,,,,,,,,
21/05/2025,20:53:47,797,2338,922,1735,1394,2035,36.4,71.8,,,,,,,,,
21/05/2025,20:53:36,795,2341,927,1734,1393,2034,36.4,71.9,,,,,,,,,
21/05/2025,20:53:25,795,2340,922,1729,1392,2035,36.4,71.9,,,,,,,,,
21/05/2025,20:53:14,801,2343,917,1730,1396,2039,36.4,71.9,,,,,,,,,
21/05/2025,20:53:03,796,2343,925,1722,1396,2036,36.4,72,,,,,,,,,
21/05/2025,20:52:52,796,2343,916,1725,1397,2038,36.4,72.1,,,,,,,,,
21/05/2025,20:52:42,801,2345,929,1725,1396,2041,36.4,72,,,,,,,,,
21/05/2025,20:52:26,803,2345,924,1722,1397,2050,36.4,72.1,,,,,,,,,
21/05/2025,20:52:15,801,2347,932,1714,1399,2041,36.4,72.1,,,,,,,,,
21/05/2025,20:52:04,796,2341,934,1711,1396,2042,36.4,72.1,,,,,,,,,
21/05/2025,20:51:51,796,2342,932,1713,1396,2040,36.4,72.1,,,,,,,,,
21/05/2025,20:51:40,803,2340,932,1711,1396,2041,36.4,72,,,,,,,,,
21/05/2025,20:51:29,803,2338,935,1706,1396,2041,36.4,72,,,,,,,,,
21/05/2025,20:51:18,798,2337,934,1700,1394,2038,36.4,72,,,,,,,,,
21/05/2025,20:51:07,798,2331,924,1694,1395,2034,36.4,72,,,,,,,,,
21/05/2025,20:50:56,793,2332,924,1682,1393,2033,36.4,72,,,,,,,,,
21/05/2025,20:50:45,799,2331,918,1687,1393,2034,36.4,72,,,,,,,,,
21/05/2025,20:50:33,797,2326,923,1679,1395,2033,36.4,72,,,,,,,,,
21/05/2025,20:50:22,795,2325,921,1676,1392,2035,36.4,72,,,,,,,,,
21/05/2025,20:50:11,796,2324,921,1668,1387,2030,36.4,72,,,,,,,,,
21/05/2025,20:49:58,796,2319,918,1665,1391,2025,36.4,72,,,,,,,,,
21/05/2025,20:49:48,798,2320,922,1664,1389,2032,36.4,72,,,,,,,,,
21/05/2025,20:49:37,799,2324,922,1660,1391,2031,36.4,72,,,,,,,,,
21/05/2025,20:49:25,797,2323,916,1659,1394,2032,36.3,72,,,,,,,,,
21/05/2025,20:49:14,797,2321,919,1651,1390,2033,36.3,72,,,,,,,,,
21/05/2025,20:49:03,794,2320,916,1650,1392,2028,36.3,72,,,,,,,,,
21/05/2025,20:48:52,799,2321,924,1646,1393,2035,36.3,72,,,,,,,,,
21/05/2025,20:48:41,798,2323,929,1650,1392,2033,36.3,72,,,,,,,,,
21/05/2025,20:48:30,800,2319,923,1646,1392,2029,36.3,72,,,,,,,,,
21/05/2025,20:48:18,797,2317,920,1631,1393,2030,36.3,72,,,,,,,,,
21/05/2025,20:48:07,797,2307,915,1636,1385,2024,36.3,72,,,,,,,,,
21/05/2025,20:47:57,795,2304,909,1625,1386,2017,36.3,72,,,,,,,,,
21/05/2025,20:47:46,787,2301,904,1613,1374,2014,36.3,72,,,,,,,,,
21/05/2025,20:47:35,792,2302,911,1620,1384,2018,36.3,71.9,,,,,,,,,
21/05/2025,20:47:24,793,2306,905,1613,1385,2020,36.3,71.9,,,,,,,,,
21/05/2025,20:47:14,794,2306,911,1612,1385,2019,36.3,71.9,,,,,,,,,
21/05/2025,20:47:03,794,2306,909,1612,1386,2024,36.3,71.9,,,,,,,,,
21/05/2025,20:46:51,793,2306,910,1611,1386,2020,36.3,71.9,,,,,,,,,
21/05/2025,20:46:40,795,2311,909,1605,1392,2027,36.3,71.9,,,,,,,,,
21/05/2025,20:46:29,799,2311,905,1604,1389,2019,36.3,71.9,,,,,,,,,
21/05/2025,20:46:18,795,2313,901,1601,1391,2024,36.3,71.9,,,,,,,,,
21/05/2025,20:46:07,797,2309,913,1599,1390,2024,36.3,72,,,,,,,,,
21/05/2025,20:45:56,802,2310,903,1599,1389,2027,36.3,72,,,,,,,,,
21/05/2025,20:45:45,798,2312,912,1591,1390,2027,36.3,72,,,,,,,,,
21/05/2025,20:45:33,801,2313,916,1592,1391,2029,36.3,72,,,,,,,,,
21/05/2025,20:45:23,799,2314,914,1594,1391,2030,36.3,72,,,,,,,,,
21/05/2025,20:45:12,802,2312,910,1581,1393,2030,36.3,72.1,,,,,,,,,
21/05/2025,20:45:01,798,2314,914,1585,1393,2031,36.3,72.1,,,,,,,,,
21/05/2025,20:44:50,802,2311,921,1577,1392,2031,36.3,72.1,,,,,,,,,
21/05/2025,20:44:38,799,2310,919,1567,1391,2029,36.2,72.1,,,,,,,,,
21/05/2025,20:44:27,799,2308,929,1567,1394,2028,36.2,72.1,,,,,,,,,
21/05/2025,20:44:15,803,2306,925,1562,1392,2031,36.2,72,,,,,,,,,
21/05/2025,20:44:04,794,2302,920,1550,1390,2025,36.2,72,,,,,,,,,
21/05/2025,20:43:53,803,2301,923,1549,1391,2029,36.2,72.1,,,,,,,,,
21/05/2025,20:43:43,796,2301,922,1534,1391,2025,36.2,72.1,,,,,,,,,
21/05/2025,20:43:32,794,2293,923,1525,1384,2022,36.2,72.1,,,,,,,,,
21/05/2025,20:43:21,797,2293,924,1528,1385,2019,36.2,72.1,,,,,,,,,
21/05/2025,20:43:10,796,2292,923,1517,1385,2023,36.2,72.1,,,,,,,,,
21/05/2025,20:42:59,804,2290,924,1516,1388,2020,36.2,72.1,,,,,,,,,
21/05/2025,20:42:48,798,2287,924,1513,1385,2019,36.2,72.1,,,,,,,,,
21/05/2025,20:42:37,799,2282,923,1514,1381,2016,36.2,72.1,,,,,,,,,
21/05/2025,20:42:26,796,2279,920,1508,1383,2011,36.2,72,,,,,,,,,
21/05/2025,20:42:15,795,2278,910,1493,1379,2012,36.2,72.1,,,,,,,,,
21/05/2025,20:42:04,800,2282,925,1497,1383,2012,36.2,72,,,,,,,,,
21/05/2025,20:41:53,799,2281,921,1487,1382,2013,36.2,72.1,,,,,,,,,
21/05/2025,20:41:42,802,2285,915,1480,1383,2016,36.2,72.1,,,,,,,,,
21/05/2025,20:41:31,804,2287,923,1483,1386,2019,36.1,72.1,,,,,,,,,
21/05/2025,20:41:20,809,2290,925,1481,1388,2028,36.1,72.2,,,,,,,,,
21/05/2025,20:41:09,812,2289,945,1473,1390,2023,36.1,72.1,,,,,,,,,
21/05/2025,20:40:57,811,2286,937,1458,1387,2026,36.1,72.1,,,,,,,,,
21/05/2025,20:40:46,811,2286,941,1464,1389,2021,36.1,72.1,,,,,,,,,
21/05/2025,20:40:35,808,2282,947,1449,1386,2020,36.1,72.2,,,,,,,,,
21/05/2025,20:40:24,812,2278,940,1443,1387,2018,36.1,72.2,,,,,,,,,
21/05/2025,20:40:11,809,2273,946,1433,1382,2018,36.1,72.2,,,,,,,,,
21/05/2025,20:40:00,814,2270,954,1429,1385,2017,36.1,72.2,,,,,,,,,
21/05/2025,20:39:49,809,2260,945,1420,1378,2012,36.1,72.2,,,,,,,,,
21/05/2025,20:39:37,804,2249,946,1405,1372,2005,36.1,72.2,,,,,,,,,
21/05/2025,20:39:27,795,2226,940,1389,1362,1984,36.1,72.2,,,,,,,,,
21/05/2025,20:39:15,798,2219,939,1379,1359,1986,36.1,72.2,,,,,,,,,
21/05/2025,20:39:04,800,2227,941,1386,1363,1991,36.1,72.2,,,,,,,,,
21/05/2025,20:38:53,805,2236,952,1383,1366,1997,36.1,72.2,,,,,,,,,
21/05/2025,20:38:42,798,2222,944,1369,1363,1986,36.1,72.2,,,,,,,,,
21/05/2025,20:38:32,787,2184,920,1340,1343,1958,36,72.2,,,,,,,,,
21/05/2025,20:38:21,784,2179,913,1332,1341,1958,36,72.1,,,,,,,,,
21/05/2025,20:38:10,782,2177,919,1332,1340,1952,36,72.1,,,,,,,,,
21/05/2025,20:37:59,783,2176,911,1317,1342,1949,36,72.1,,,,,,,,,
21/05/2025,20:37:48,782,2172,911,1313,1341,1945,36,72.1,,,,,,,,,
21/05/2025,20:37:38,784,2173,909,1312,1341,1949,36,72,,,,,,,,,
21/05/2025,20:37:27,785,2174,906,1306,1338,1949,36,72,,,,,,,,,
21/05/2025,20:37:17,781,2171,901,1298,1339,1946,36,72,,,,,,,,,
21/05/2025,20:37:05,782,2165,900,1300,1341,1945,36,72,,,,,,,,,
21/05/2025,20:36:55,781,2166,894,1293,1337,1941,36,72,,,,,,,,,
21/05/2025,20:36:44,782,2169,890,1284,1339,1944,36,72.1,,,,,,,,,
21/05/2025,20:36:33,783,2163,881,1278,1338,1941,36,72,,,,,,,,,
21/05/2025,20:36:22,778,2160,887,1276,1338,1941,36,72.1,,,,,,,,,
21/05/2025,20:36:11,782,2162,897,1270,1337,1939,36,72.1,,,,,,,,,
21/05/2025,20:36:00,782,2161,891,1259,1341,1941,36,72.1,,,,,,,,,
21/05/2025,20:35:49,784,2163,892,1260,1340,1939,36,72.2,,,,,,,,,
21/05/2025,20:35:38,782,2163,887,1262,1336,1941,36,72.2,,,,,,,,,
21/05/2025,20:35:28,783,2160,885,1253,1339,1938,36,72.2,,,,,,,,,
21/05/2025,20:35:17,777,2157,875,1248,1335,1938,36,72.1,,,,,,,,,
21/05/2025,20:35:06,781,2158,881,1248,1338,1936,36,72.1,,,,,,,,,
21/05/2025,20:34:55,777,2158,879,1240,1337,1938,35.9,72.1,,,,,,,,,
21/05/2025,20:34:44,778,2157,873,1236,1337,1938,35.9,72.1,,,,,,,,,
21/05/2025,20:34:34,780,2157,874,1228,1335,1933,35.9,72.1,,,,,,,,,
21/05/2025,20:34:23,776,2153,866,1223,1337,1936,35.9,72.2,,,,,,,,,
21/05/2025,20:34:12,778,2153,863,1221,1336,1932,35.9,72.2,,,,,,,,,
21/05/2025,20:34:01,779,2151,868,1222,1338,1935,35.9,72.1,,,,,,,,,
21/05/2025,20:33:50,780,2150,854,1212,1337,1931,35.9,72.2,,,,,,,,,
21/05/2025,20:33:39,778,2146,857,1216,1333,1925,35.9,72.2,,,,,,,,,
21/05/2025,20:33:29,775,2133,843,1188,1325,1918,35.9,72.1,,,,,,,,,
21/05/2025,20:33:17,773,2136,841,1192,1327,1919,35.9,72.2,,,,,,,,,
21/05/2025,20:33:06,775,2133,838,1190,1327,1921,35.9,72.1,,,,,,,,,
21/05/2025,20:32:54,775,2137,847,1184,1329,1927,35.9,72.2,,,,,,,,,
21/05/2025,20:32:43,775,2139,835,1188,1332,1926,35.9,72.2,,,,,,,,,
21/05/2025,20:32:32,777,2136,833,1178,1334,1926,35.9,72.2,,,,,,,,,
21/05/2025,20:32:21,772,2132,836,1180,1333,1926,35.9,72.2,,,,,,,,,
21/05/2025,20:32:10,772,2135,827,1171,1330,1920,35.9,72.2,,,,,,,,,
21/05/2025,20:31:59,768,2128,817,1163,1329,1916,35.9,72.3,,,,,,,,,
21/05/2025,20:31:47,770,2125,809,1166,1325,1915,35.9,72.3,,,,,,,,,
21/05/2025,20:31:36,775,2129,810,1164,1331,1919,35.9,72.3,,,,,,,,,
21/05/2025,20:31:26,775,2136,803,1156,1331,1921,35.9,72.4,,,,,,,,,
21/05/2025,20:31:15,781,2150,806,1160,1337,1936,35.9,72.5,,,,,,,,,
21/05/2025,20:31:05,782,2158,810,1166,1342,1936,35.9,72.4,,,,,,,,,
21/05/2025,20:30:54,789,2182,817,1171,1358,1960,35.9,72.5,,,,,,,,,
21/05/2025,20:30:43,796,2182,825,1172,1360,1966,35.8,72.5,,,,,,,,,
21/05/2025,20:30:32,789,2179,810,1160,1357,1962,35.8,72.5,,,,,,,,,
21/05/2025,20:30:22,789,2178,810,1165,1358,1963,35.8,72.6,,,,,,,,,
21/05/2025,20:30:10,793,2177,811,1156,1357,1960,35.8,72.6,,,,,,,,,
21/05/2025,20:30:00,791,2175,812,1149,1357,1960,35.8,72.6,,,,,,,,,
21/05/2025,20:29:49,789,2175,816,1150,1361,1957,35.8,72.7,,,,,,,,,
21/05/2025,20:29:37,791,2173,814,1139,1355,1955,35.8,72.7,,,,,,,,,
21/05/2025,20:29:26,787,2174,800,1134,1358,1958,35.8,72.7,,,,,,,,,
21/05/2025,20:29:15,790,2172,801,1136,1357,1959,35.8,72.6,,,,,,,,,
21/05/2025,20:29:04,789,2168,790,1121,1353,1955,35.8,72.6,,,,,,,,,
21/05/2025,20:28:52,790,2164,790,1118,1355,1951,35.8,72.6,,,,,,,,,
21/05/2025,20:28:41,785,2161,794,1107,1356,1953,35.8,72.6,,,,,,,,,
21/05/2025,20:28:30,787,2157,792,1108,1349,1944,35.8,72.6,,,,,,,,,
21/05/2025,20:28:19,785,2153,788,1099,1351,1943,35.8,72.6,,,,,,,,,
21/05/2025,20:28:08,786,2151,786,1095,1348,1942,35.8,72.7,,,,,,,,,
21/05/2025,20:27:57,786,2149,781,1092,1349,1940,35.7,72.7,,,,,,,,,
21/05/2025,20:27:46,782,2144,773,1085,1348,1935,35.7,72.7,,,,,,,,,
21/05/2025,20:27:34,783,2140,769,1079,1345,1936,35.7,72.6,,,,,,,,,
21/05/2025,20:27:24,786,2147,770,1077,1348,1938,35.7,72.7,,,,,,,,,
21/05/2025,20:27:13,782,2143,768,1065,1348,1938,35.7,72.7,,,,,,,,,
21/05/2025,20:27:02,784,2145,765,1064,1348,1936,35.7,72.7,,,,,,,,,
21/05/2025,20:26:51,785,2146,759,1062,1351,1940,35.7,72.7,,,,,,,,,
21/05/2025,20:26:40,783,2145,760,1056,1349,1940,35.7,72.8,,,,,,,,,
21/05/2025,20:26:28,779,2131,752,1050,1348,1933,35.7,72.7,,,,,,,,,
21/05/2025,20:26:17,783,2135,747,1049,1347,1934,35.7,72.7,,,,,,,,,
21/05/2025,20:26:07,785,2137,758,1044,1351,1936,35.7,72.7,,,,,,,,,
21/05/2025,20:25:56,780,2135,741,1035,1346,1935,35.7,72.7,,,,,,,,,
21/05/2025,20:25:45,782,2133,752,1025,1347,1931,35.7,72.7,,,,,,,,,
21/05/2025,20:25:33,784,2131,736,1023,1348,1929,35.7,72.7,,,,,,,,,
21/05/2025,20:25:22,781,2128,737,1018,1347,1927,35.7,72.8,,,,,,,,,
21/05/2025,20:25:11,782,2125,732,1013,1345,1922,35.7,72.8,,,,,,,,,
21/05/2025,20:25:00,777,2124,734,1012,1346,1925,35.7,72.8,,,,,,,,,
21/05/2025,20:24:49,773,2121,728,1009,1344,1919,35.7,72.9,,,,,,,,,
21/05/2025,20:24:38,777,2125,721,1002,1345,1923,35.7,72.9,,,,,,,,,
21/05/2025,20:24:26,778,2121,710,999,1343,1917,35.7,72.9,,,,,,,,,
21/05/2025,20:24:16,777,2112,711,993,1340,1914,35.6,72.9,,,,,,,,,
21/05/2025,20:24:05,776,2118,698,990,1346,1917,35.6,72.8,,,,,,,,,
21/05/2025,20:23:53,778,2119,714,987,1344,1916,35.6,72.9,,,,,,,,,
21/05/2025,20:23:42,781,2125,705,984,1347,1926,35.7,72.9,,,,,,,,,
21/05/2025,20:23:32,776,2119,697,984,1345,1917,35.6,72.9,,,,,,,,,
21/05/2025,20:23:20,777,2121,692,978,1345,1921,35.6,72.9,,,,,,,,,
21/05/2025,20:23:09,779,2120,684,977,1347,1917,35.6,72.9,,,,,,,,,
21/05/2025,20:22:58,778,2121,685,976,1351,1917,35.6,73,,,,,,,,,
21/05/2025,20:22:48,782,2126,682,971,1350,1919,35.6,72.9,,,,,,,,,
21/05/2025,20:22:37,775,2126,675,971,1354,1921,35.6,72.9,,,,,,,,,
21/05/2025,20:22:27,778,2125,664,969,1352,1916,35.6,72.9,,,,,,,,,
21/05/2025,20:22:16,778,2126,654,966,1354,1919,35.6,72.9,,,,,,,,,
21/05/2025,20:22:05,780,2139,656,971,1358,1926,35.6,72.9,,,,,,,,,
21/05/2025,20:21:54,787,2157,663,978,1366,1938,35.6,72.9,,,,,,,,,
21/05/2025,20:21:43,785,2157,657,977,1365,1939,35.6,72.9,,,,,,,,,
21/05/2025,20:21:32,789,2161,661,978,1370,1939,35.6,72.9,,,,,,,,,
21/05/2025,20:21:22,789,2159,653,976,1367,1941,35.6,72.8,,,,,,,,,
21/05/2025,20:21:11,786,2160,644,973,1370,1941,35.6,72.8,,,,,,,,,
21/05/2025,20:20:59,787,2162,641,968,1371,1941,35.6,72.8,,,,,,,,,
21/05/2025,20:20:48,795,2166,643,972,1375,1943,35.6,72.9,,,,,,,,,
21/05/2025,20:20:38,798,2169,650,972,1375,1948,35.6,72.9,,,,,,,,,
21/05/2025,20:20:26,798,2171,645,966,1375,1944,35.5,72.9,,,,,,,,,
21/05/2025,20:20:15,794,2169,641,965,1373,1943,35.6,72.9,,,,,,,,,
21/05/2025,20:20:04,801,2174,639,972,1380,1945,35.5,73,,,,,,,,,
21/05/2025,20:19:53,809,2178,637,977,1388,1947,35.5,73,,,,,,,,,
21/05/2025,20:19:43,801,2174,629,967,1388,1947,35.5,73,,,,,,,,,
21/05/2025,20:19:32,806,2176,634,970,1388,1950,35.5,73.1,,,,,,,,,
21/05/2025,20:19:21,799,2172,633,969,1390,1945,35.5,73,,,,,,,,,
21/05/2025,20:19:10,803,2174,635,967,1389,1945,35.5,73.1,,,,,,,,,
21/05/2025,20:19:00,804,2177,621,970,1390,1949,35.5,73,,,,,,,,,
21/05/2025,20:18:49,806,2179,622,971,1393,1946,35.5,73,,,,,,,,,
21/05/2025,20:18:39,801,2176,619,971,1393,1949,35.5,72.9,,,,,,,,,
21/05/2025,20:18:28,807,2180,629,973,1396,1950,35.5,73,,,,,,,,,
21/05/2025,20:18:17,801,2172,616,965,1391,1944,35.5,73,,,,,,,,,
21/05/2025,20:18:06,801,2172,609,965,1388,1943,35.5,72.9,,,,,,,,,
21/05/2025,20:17:54,802,2173,615,970,1391,1942,35.5,72.8,,,,,,,,,
21/05/2025,20:17:44,803,2169,610,963,1391,1935,35.5,72.8,,,,,,,,,
21/05/2025,20:17:33,799,2162,604,967,1390,1932,35.5,72.7,,,,,,,,,
21/05/2025,20:17:22,788,2153,601,969,1387,1926,35.5,72.7,,,,,,,,,
21/05/2025,20:17:11,792,2149,595,961,1382,1920,35.5,72.6,,,,,,,,,
21/05/2025,20:17:00,786,2138,587,965,1376,1910,35.4,72.5,,,,,,,,,
21/05/2025,20:16:48,778,2127,578,958,1390,1909,35.4,72.4,đổi cốc nhiều hơn 1 ít,,,,,,,,
21/05/2025,11:57:29,811,2787,703,1982,1546,2261,37.8,71.9,,,,,,,,,
21/05/2025,11:57:18,801,2814,695,1981,1551,2269,37.8,71.9,,,,,,,,,
21/05/2025,11:57:07,805,2808,701,1979,1551,2271,37.8,71.8,,,,,,,,,
21/05/2025,11:56:56,811,2795,699,1982,1550,2277,37.8,71.9,,,,,,,,,
21/05/2025,11:56:45,811,2794,697,1975,1552,2271,37.8,71.9,,,,,,,,,
21/05/2025,11:56:33,813,2794,707,1973,1555,2286,37.8,71.9,,,,,,,,,
21/05/2025,11:56:22,810,2793,702,1977,1553,2271,37.8,71.9,,,,,,,,,
21/05/2025,11:56:12,807,2791,705,1972,1554,2270,37.8,71.8,,,,,,,,,
21/05/2025,11:56:01,804,2788,701,1970,1558,2267,37.8,71.9,,,,,,,,,
21/05/2025,11:55:50,840,2788,699,1970,1557,2275,37.8,71.8,,,,,,,,,
21/05/2025,11:55:39,807,2789,702,1958,1561,2273,37.8,71.8,,,,,,,,,
21/05/2025,11:55:29,808,2788,697,1961,1558,2273,37.8,71.8,,,,,,,,,
21/05/2025,11:55:18,809,2788,704,1961,1553,2271,37.8,71.8,,,,,,,,,
21/05/2025,11:55:07,808,2785,695,1955,1557,2266,37.8,71.8,,,,,,,,,
21/05/2025,11:54:55,804,2783,695,1954,1555,2254,37.8,71.8,,,,,,,,,
21/05/2025,11:54:42,809,2777,699,1952,1550,2268,37.8,71.8,,,,,,,,,
21/05/2025,11:54:31,808,2776,690,1951,1547,2268,37.8,71.9,,,,,,,,,
21/05/2025,11:54:21,809,2779,697,1943,1558,2267,37.8,71.8,,,,,,,,,
21/05/2025,11:54:10,810,2776,699,1946,1555,2267,37.8,71.9,,,,,,,,,
21/05/2025,11:53:59,809,2779,685,1938,1558,2273,37.8,71.8,,,,,,,,,
21/05/2025,11:53:48,809,2774,702,1941,1561,2264,37.8,71.8,,,,,,,,,
21/05/2025,11:53:37,802,2774,699,1932,1555,2265,37.8,71.8,,,,,,,,,
21/05/2025,11:53:25,807,2773,697,1942,1560,2267,37.7,71.8,,,,,,,,,
21/05/2025,11:53:15,799,2771,697,1930,1557,2261,37.7,71.8,,,,,,,,,
21/05/2025,11:53:03,809,2770,696,1925,1551,2269,37.7,71.8,,,,,,,,,
21/05/2025,11:52:52,806,2769,700,1927,1556,2264,37.7,71.9,,,,,,,,,
21/05/2025,11:52:42,803,2767,705,1923,1553,2277,37.7,71.8,,,,,,,,,
21/05/2025,11:52:31,805,2769,701,1918,1555,2262,37.7,71.8,,,,,,,,,
21/05/2025,11:52:19,801,2779,690,1916,1546,2263,37.7,71.8,,,,,,,,,
21/05/2025,11:52:07,804,2764,690,1913,1542,2262,37.7,71.9,,,,,,,,,
21/05/2025,11:51:55,799,2772,689,1913,1549,2263,37.7,71.8,,,,,,,,,
21/05/2025,11:51:44,801,2772,696,1912,1543,2264,37.7,71.8,,,,,,,,,
21/05/2025,11:51:33,808,2759,699,1905,1552,2272,37.7,71.8,,,,,,,,,
21/05/2025,11:51:22,812,2758,700,1886,1540,2264,37.7,71.9,,,,,,,,,
21/05/2025,11:51:11,805,2755,697,1906,1535,2262,37.7,71.8,,,,,,,,,
21/05/2025,11:51:00,807,2755,694,1898,1549,2265,37.7,71.8,,,,,,,,,
21/05/2025,11:50:49,801,2751,695,1897,1543,2258,37.7,71.8,,,,,,,,,
21/05/2025,11:50:38,800,2751,691,1884,1542,2254,37.7,71.8,,,,,,,,,
21/05/2025,11:50:28,790,2756,687,1874,1536,2253,37.7,71.8,,,,,,,,,
21/05/2025,11:50:17,799,2742,697,1881,1538,2258,37.7,71.9,,,,,,,,,
21/05/2025,11:50:06,807,2745,694,1879,1535,2261,37.7,71.8,,,,,,,,,
21/05/2025,11:49:55,803,2741,691,1876,1538,2257,37.7,71.8,,,,,,,,,
21/05/2025,11:49:44,804,2743,692,1872,1535,2259,37.7,71.8,,,,,,,,,
21/05/2025,11:49:32,802,2737,688,1869,1543,2252,37.7,71.8,,,,,,,,,
21/05/2025,11:49:21,802,2736,687,1870,1534,2253,37.7,71.8,,,,,,,,,
21/05/2025,11:49:10,804,2736,697,1861,1542,2255,37.7,71.8,,,,,,,,,
21/05/2025,11:48:59,801,2738,695,1860,1549,2250,37.7,71.8,,,,,,,,,
21/05/2025,11:48:49,802,2731,695,1856,1539,2256,37.6,71.8,,,,,,,,,
21/05/2025,11:48:38,805,2734,696,1863,1546,2265,37.6,71.8,,,,,,,,,
21/05/2025,11:48:26,802,2734,702,1851,1535,2257,37.6,71.9,,,,,,,,,
21/05/2025,11:48:16,804,2732,699,1848,1542,2259,37.6,71.8,,,,,,,,,
21/05/2025,11:48:05,792,2729,703,1842,1539,2261,37.6,71.9,,,,,,,,,
21/05/2025,11:47:53,806,2724,703,1842,1542,2283,37.6,71.9,,,,,,,,,
21/05/2025,11:47:43,805,2722,704,1839,1535,2259,37.6,71.9,,,,,,,,,
21/05/2025,11:47:31,800,2716,706,1832,1535,2253,37.6,71.9,,,,,,,,,
21/05/2025,11:47:20,797,2694,700,1819,1529,2239,37.6,71.9,,,,,,,,,
21/05/2025,11:47:10,789,2686,693,1813,1527,2229,37.6,71.9,,,,,,,,,
21/05/2025,11:46:59,790,2683,692,1811,1523,2229,37.6,71.9,,,,,,,,,
21/05/2025,11:46:48,789,2682,696,1803,1525,2225,37.6,72,,,,,,,,,
21/05/2025,11:46:38,790,2686,681,1797,1525,2229,37.6,72,,,,,,,,,
21/05/2025,11:46:27,795,2679,689,1797,1528,2227,37.5,72,,,,,,,,,
21/05/2025,11:46:16,780,2679,694,1792,1525,2228,37.5,72,,,,,,,,,
21/05/2025,11:46:05,787,2680,684,1785,1526,2228,37.5,72,,,,,,,,,
21/05/2025,11:45:54,788,2681,678,1773,1525,2227,37.5,72,,,,,,,,,
21/05/2025,11:45:43,791,2680,681,1783,1527,2231,37.5,72,,,,,,,,,
21/05/2025,11:45:32,795,2676,680,1776,1526,2230,37.5,72,,,,,,,,,
21/05/2025,11:45:21,788,2677,681,1769,1527,2229,37.5,72,,,,,,,,,
21/05/2025,11:45:10,787,2679,689,1767,1528,2238,37.5,72.1,,,,,,,,,
21/05/2025,11:44:57,787,2680,674,1766,1526,2229,37.5,72.1,,,,,,,,,
21/05/2025,11:44:47,788,2677,677,1761,1530,2232,37.5,72.1,,,,,,,,,
21/05/2025,11:44:36,788,2679,675,1761,1531,2236,37.5,72.1,,,,,,,,,
21/05/2025,11:44:25,786,2676,675,1756,1529,2229,37.5,72.1,,,,,,,,,
21/05/2025,11:44:14,788,2677,680,1749,1531,2233,37.5,72.2,,,,,,,,,
21/05/2025,11:44:03,789,2677,666,1750,1529,2230,37.4,72.2,,,,,,,,,
21/05/2025,11:43:52,794,2673,674,1742,1531,2233,37.4,72.2,,,,,,,,,
21/05/2025,11:43:41,787,2675,656,1744,1534,2231,37.4,72.2,,,,,,,,,
21/05/2025,11:43:31,787,2672,670,1731,1529,2234,37.4,72.2,,,,,,,,,
21/05/2025,11:43:20,793,2674,668,1734,1532,2232,37.4,72.3,,,,,,,,,
21/05/2025,11:43:09,791,2671,667,1723,1525,2231,37.4,72.3,,,,,,,,,
21/05/2025,11:42:58,788,2674,673,1719,1526,2238,37.4,72.3,,,,,,,,,
21/05/2025,11:42:47,785,2679,666,1722,1533,2236,37.4,72.2,,,,,,,,,
21/05/2025,11:42:36,806,2668,660,1722,1529,2229,37.4,72.3,,,,,,,,,
21/05/2025,11:42:25,792,2668,664,1715,1538,2232,37.3,72.4,,,,,,,,,
21/05/2025,11:42:14,790,2666,664,1714,1530,2228,37.3,72.3,,,,,,,,,
21/05/2025,11:42:03,789,2665,664,1709,1530,2235,37.3,72.4,,,,,,,,,
21/05/2025,11:41:52,787,2663,673,1703,1530,2229,37.3,72.4,,,,,,,,,
21/05/2025,11:41:40,785,2665,663,1699,1527,2235,37.3,72.4,,,,,,,,,
21/05/2025,11:41:29,781,2661,654,1692,1528,2229,37.3,72.4,,,,,,,,,
21/05/2025,11:41:19,785,2654,674,1690,1531,2226,37.3,72.4,,,,,,,,,
21/05/2025,11:41:08,786,2654,668,1690,1525,2228,37.3,72.5,,,,,,,,,
21/05/2025,11:40:56,787,2653,662,1680,1530,2233,37.2,72.5,,,,,,,,,
21/05/2025,11:40:45,784,2650,669,1681,1534,2228,37.2,72.5,,,,,,,,,
21/05/2025,11:40:34,778,2656,664,1676,1522,2227,37.2,72.5,,,,,,,,,
21/05/2025,11:40:23,784,2639,669,1672,1529,2231,37.2,72.5,,,,,,,,,
21/05/2025,11:40:11,784,2644,670,1664,1527,2222,37.2,72.5,,,,,,,,,
21/05/2025,11:40:00,783,2634,663,1656,1524,2223,37.2,72.5,,,,,,,,,
21/05/2025,11:39:49,787,2630,668,1658,1523,2219,37.2,72.6,,,,,,,,,
21/05/2025,11:39:38,782,2624,665,1655,1520,2199,37.2,72.6,,,,,,,,,
21/05/2025,11:39:26,784,2617,673,1644,1519,2212,37.2,72.6,,,,,,,,,
21/05/2025,11:39:14,780,2613,660,1639,1517,2208,37.1,72.6,,,,,,,,,
21/05/2025,11:39:04,784,2593,658,1640,1511,2194,37.1,72.7,,,,,,,,,
21/05/2025,11:38:53,777,2599,656,1626,1508,2198,37.1,72.7,,,,,,,,,
21/05/2025,11:38:42,779,2596,652,1620,1511,2197,37.1,72.7,,,,,,,,,
21/05/2025,11:38:31,772,2616,645,1614,1517,2201,37.1,72.7,,,,,,,,,
21/05/2025,11:38:18,779,2604,655,1614,1507,2202,37.1,72.8,,,,,,,,,
21/05/2025,11:38:07,776,2601,648,1605,1514,2206,37.1,72.8,,,,,,,,,
21/05/2025,11:37:56,768,2603,651,1606,1513,2199,37,72.8,,,,,,,,,
21/05/2025,11:37:45,776,2591,645,1599,1510,2201,37,72.8,,,,,,,,,
21/05/2025,11:37:34,775,2592,641,1594,1516,2194,37,72.8,,,,,,,,,
21/05/2025,11:37:21,771,2591,639,1591,1512,2200,37,72.9,,,,,,,,,
21/05/2025,11:37:10,774,2590,644,1590,1514,2199,37,72.9,,,,,,,,,
21/05/2025,11:36:59,772,2587,640,1584,1514,2196,37,72.9,,,,,,,,,
21/05/2025,11:36:49,769,2578,629,1583,1509,2195,36.9,72.9,,,,,,,,,
21/05/2025,11:36:38,769,2565,635,1579,1507,2193,36.9,73,,,,,,,,,
21/05/2025,11:36:27,770,2567,637,1571,1510,2199,36.9,73,,,,,,,,,
21/05/2025,11:36:16,774,2579,634,1569,1512,2192,36.9,73,,,,,,,,,
21/05/2025,11:36:05,772,2557,623,1568,1508,2193,36.9,73.1,,,,,,,,,
21/05/2025,11:35:54,773,2563,624,1553,1511,2194,36.9,73.1,,,,,,,,,
21/05/2025,11:35:43,773,2563,620,1547,1512,2195,36.9,73.1,,,,,,,,,
21/05/2025,11:35:32,770,2570,621,1542,1516,2200,36.9,73.1,,,,,,,,,
21/05/2025,11:35:21,772,2559,616,1539,1515,2194,36.8,73.2,,,,,,,,,
21/05/2025,11:35:10,772,2563,618,1539,1512,2195,36.8,73.1,,,,,,,,,
21/05/2025,11:34:59,772,2559,614,1534,1514,2195,36.8,73.2,,,,,,,,,
21/05/2025,11:34:49,766,2556,610,1532,1511,2191,36.8,73.2,,,,,,,,,
21/05/2025,11:34:37,773,2556,609,1528,1513,2192,36.8,73.3,,,,,,,,,
21/05/2025,11:34:26,769,2556,599,1527,1511,2189,36.7,73.3,,,,,,,,,
21/05/2025,11:34:15,766,2556,598,1525,1513,2194,36.7,73.3,,,,,,,,,
21/05/2025,11:34:04,772,2556,598,1531,1516,2192,36.7,73.3,,,,,,,,,
21/05/2025,11:33:53,771,2554,592,1523,1511,2190,36.7,73.4,,,,,,,,,
21/05/2025,11:33:43,767,2552,609,1512,1516,2182,36.6,73.4,,,,,,,,,
21/05/2025,11:33:32,766,2556,587,1520,1515,2191,36.6,73.4,,,,,,,,,
21/05/2025,11:33:21,768,2558,590,1519,1519,2199,36.6,73.4,,,,,,,,,
21/05/2025,11:33:10,774,2557,585,1517,1516,2195,36.6,73.4,,,,,,,,,
21/05/2025,11:32:58,773,2558,587,1517,1520,2206,36.5,73.4,,,,,,,,,
21/05/2025,11:32:48,766,2558,585,1513,1525,2198,36.5,73.5,,,,,,,,,
21/05/2025,11:32:37,776,2559,587,1511,1520,2198,36.5,73.5,,,,,,,,,
21/05/2025,11:32:26,766,2559,582,1507,1523,2200,36.5,73.5,,,,,,,,,
21/05/2025,11:32:15,786,2558,585,1511,1524,2205,36.5,73.5,,,,,,,,,
21/05/2025,11:32:04,770,2554,581,1510,1522,2206,36.5,73.6,,,,,,,,,
21/05/2025,11:31:53,771,2549,575,1512,1523,2202,36.4,73.6,,,,,,,,,
21/05/2025,11:31:42,771,2549,579,1508,1520,2199,36.4,73.6,,,,,,,,,
21/05/2025,11:31:31,768,2539,579,1502,1519,2198,36.4,73.6,,,,,,,,,
21/05/2025,11:31:20,767,2537,576,1497,1518,2195,36.4,73.6,,,,,,,,,
21/05/2025,11:31:09,746,2530,581,1495,1516,2193,36.3,73.7,,,,,,,,,
21/05/2025,11:30:58,771,2524,572,1498,1516,2189,36.3,73.8,,,,,,,,,
21/05/2025,11:30:47,767,2521,573,1494,1511,2187,36.3,73.9,,,,,,,,,
21/05/2025,11:30:37,775,2511,570,1490,1510,2187,36.2,74,,,,,,,,,
21/05/2025,11:30:26,777,2514,571,1492,1510,2186,36.2,74,,,,,,,,,
21/05/2025,11:30:15,778,2508,556,1491,1508,2192,36.2,74,,,,,,,,,
21/05/2025,11:30:02,775,2509,560,1497,1503,2177,36.2,74,,,,,,,,,
21/05/2025,11:29:51,774,2503,564,1495,1506,2183,36.1,74.1,,,,,,,,,
21/05/2025,11:29:41,769,2504,558,1496,1507,2188,36.1,74.1,,,,,,,,,
21/05/2025,11:29:30,777,2500,555,1497,1510,2184,36.1,74.1,,,,,,,,,
21/05/2025,11:29:18,771,2499,555,1500,1508,2189,36.1,74.2,,,,,,,,,
21/05/2025,11:29:06,772,2495,551,1506,1511,2190,36,74.3,,,,,,,,,
21/05/2025,11:28:55,771,2491,549,1506,1508,2189,36,74.3,,,,,,,,,
21/05/2025,11:28:44,766,2490,540,1503,1509,2186,36,74.4,,,,,,,,,
21/05/2025,11:28:32,768,2491,548,1510,1508,2190,36,74.4,,,,,,,,,
21/05/2025,11:28:22,771,2499,550,1514,1514,2196,36,74.5,,,,,,,,,
21/05/2025,11:28:10,773,2503,542,1521,1514,2195,36,74.6,,,,,,,,,
21/05/2025,11:28:00,801,2511,549,1523,1519,2219,35.9,74.8,,,,,,,,,
21/05/2025,11:27:49,773,2512,553,1531,1521,2216,35.9,74.9,,,,,,,,,
21/05/2025,11:27:38,774,2512,550,1546,1521,2220,35.9,75,,,,,,,,,
21/05/2025,11:27:25,782,2504,558,1542,1522,2217,35.9,75.1,,,,,,,,,
21/05/2025,11:27:14,779,2503,562,1539,1520,2213,35.8,75.2,,,,,,,,,
21/05/2025,11:27:03,778,2495,559,1555,1519,2211,35.8,75.3,,,,,,,,,
21/05/2025,11:26:51,779,2491,562,1562,1520,2215,35.8,75.4,,,,,,,,,
21/05/2025,11:26:39,778,2484,558,1560,1518,2209,35.7,75.6,,,,,,,,,
21/05/2025,11:26:28,778,2482,562,1575,1516,2203,35.7,75.7,,,,,,,,,
21/05/2025,11:26:17,778,2471,552,1576,1512,2201,35.6,75.8,,,,,,,,,
21/05/2025,11:26:06,774,2461,550,1576,1511,2198,35.6,75.9,,,,,,,,,
21/05/2025,11:25:56,772,2466,555,1584,1509,2203,35.6,76,,,,,,,,,
21/05/2025,11:25:44,790,2460,556,1594,1511,2201,35.5,76.1,,,,,,,,,
21/05/2025,11:25:31,769,2456,549,1603,1510,2199,35.5,76.2,,,,,,,,,
21/05/2025,11:25:20,775,2450,548,1607,1510,2200,35.5,76.3,,,,,,,,,
21/05/2025,11:25:10,772,2445,549,1610,1511,2201,35.4,76.3,,,,,,,,,
21/05/2025,11:24:59,772,2446,547,1616,1513,2200,35.4,76.4,,,,,,,,,
21/05/2025,11:24:48,775,2446,548,1624,1510,2202,35.3,76.5,,,,,,,,,
21/05/2025,11:24:38,777,2442,552,1633,1511,2202,35.3,76.6,,,,,,,,,
21/05/2025,11:24:26,776,2441,544,1638,1514,2202,35.3,76.7,,,,,,,,,
21/05/2025,11:24:15,773,2437,547,1645,1513,2203,35.2,76.8,,,,,,,,,
21/05/2025,11:24:05,771,2432,544,1652,1514,2201,35.2,76.9,,,,,,,,,
21/05/2025,11:23:54,776,2436,545,1663,1511,2199,35.1,77,,,,,,,,,