DATE,TIME,MQ2,MQ3,MQ4,MQ6,MQ7,MQ135,TEMP,HUMI,Average,1323.456022,2604.59134,730.0798376,1375.630582,1506.522327,2269.31935,35.80933694,68.67997294
21/05/2025,23:48:00,1247,2471,692,1264,1535,2214,33.8,59.7,,,,,,,,,
21/05/2025,23:47:49,1250,2476,692,1257,1535,2215,33.8,59.8,,,,,,,,,
21/05/2025,23:47:39,1250,2480,690,1267,1535,2212,33.8,59.7,,,,,,,,,
21/05/2025,23:47:28,1251,2478,692,1263,1535,2214,33.8,59.7,,,,,,,,,
21/05/2025,23:47:17,1249,2477,695,1258,1535,2211,33.8,59.7,,,,,,,,,
21/05/2025,23:47:07,1249,2475,690,1263,1535,2215,33.8,59.7,,,,,,,,,
21/05/2025,23:46:55,1251,2475,691,1265,1523,2220,33.8,59.7,,,,,,,,,
21/05/2025,23:46:45,1250,2473,681,1262,1533,2215,33.8,59.7,,,,,,,,,
21/05/2025,23:46:34,1264,2471,670,1257,1533,2211,33.8,59.7,,,,,,,,,
21/05/2025,23:46:23,1241,2462,682,1259,1530,2208,33.8,59.7,,,,,,,,,
21/05/2025,23:46:13,1253,2468,675,1256,1529,2214,33.8,59.7,,,,,,,,,
21/05/2025,23:46:02,1256,2493,689,1265,1528,2227,33.8,59.8,,,,,,,,,
21/05/2025,23:45:51,1264,2523,693,1272,1534,2241,33.8,59.8,,,,,,,,,
21/05/2025,23:45:41,1264,2524,698,1274,1534,2239,33.8,59.8,,,,,,,,,
21/05/2025,23:45:30,1267,2525,687,1274,1534,2242,33.8,59.8,,,,,,,,,
21/05/2025,23:45:20,1261,2526,697,1274,1529,2238,33.8,59.7,,,,,,,,,
21/05/2025,23:45:09,1269,2534,688,1272,1535,2247,33.9,59.7,,,,,,,,,
21/05/2025,23:44:59,1267,2531,691,1270,1535,2245,33.9,59.8,,,,,,,,,
21/05/2025,23:44:47,1267,2534,697,1274,1535,2244,33.9,59.8,,,,,,,,,
21/05/2025,23:44:36,1275,2538,702,1277,1539,2240,33.9,59.8,,,,,,,,,
21/05/2025,23:44:25,1271,2535,696,1276,1535,2247,33.9,59.8,,,,,,,,,
21/05/2025,23:44:14,1280,2537,696,1269,1538,2247,33.9,59.8,,,,,,,,,
21/05/2025,23:44:04,1271,2538,695,1272,1538,2249,33.9,59.9,,,,,,,,,
21/05/2025,23:43:53,1267,2538,698,1270,1533,2246,33.9,59.9,,,,,,,,,
21/05/2025,23:43:42,1256,2533,695,1273,1535,2250,33.9,59.9,,,,,,,,,
21/05/2025,23:43:31,1268,2534,689,1276,1537,2250,33.9,59.9,,,,,,,,,
21/05/2025,23:43:21,1264,2541,696,1274,1535,2254,34,59.9,,,,,,,,,
21/05/2025,23:43:10,1268,2541,699,1265,1545,2254,34,59.9,,,,,,,,,
21/05/2025,23:42:59,1272,2538,689,1279,1543,2252,34,59.9,,,,,,,,,
21/05/2025,23:42:48,1274,2544,696,1269,1535,2253,34,59.9,,,,,,,,,
21/05/2025,23:42:37,1273,2550,694,1280,1535,2257,34,59.9,,,,,,,,,
21/05/2025,23:42:27,1268,2535,693,1271,1535,2247,34,59.9,,,,,,,,,
21/05/2025,23:42:16,1265,2521,689,1263,1531,2243,34,60,,,,,,,,,
21/05/2025,23:42:04,1271,2533,686,1254,1534,2244,34,60,,,,,,,,,
21/05/2025,23:41:52,1272,2541,693,1270,1535,2255,34,59.9,,,,,,,,,
21/05/2025,23:41:41,1272,2545,693,1278,1535,2254,34,59.9,,,,,,,,,
21/05/2025,23:41:31,1269,2541,686,1264,1535,2256,34,59.9,,,,,,,,,
21/05/2025,23:41:20,1274,2542,696,1268,1538,2256,34,59.9,,,,,,,,,
21/05/2025,23:41:09,1264,2540,687,1262,1535,2260,34,60,,,,,,,,,
21/05/2025,23:40:58,1273,2546,696,1266,1535,2261,34,60,,,,,,,,,
21/05/2025,23:40:47,1279,2552,693,1274,1543,2265,34,59.9,,,,,,,,,
21/05/2025,23:40:36,1281,2555,695,1273,1542,2271,34,59.9,,,,,,,,,
21/05/2025,23:40:25,1283,2559,693,1271,1535,2270,34,59.9,,,,,,,,,
21/05/2025,23:40:14,1282,2557,694,1268,1538,2278,34,59.8,,,,,,,,,
21/05/2025,23:40:03,1283,2557,696,1270,1535,2271,34,59.8,,,,,,,,,
21/05/2025,23:39:53,1284,2557,693,1262,1542,2276,34,59.8,,,,,,,,,
21/05/2025,23:39:40,1276,2559,692,1270,1538,2274,34,59.8,,,,,,,,,
21/05/2025,23:39:27,1287,2559,699,1265,1538,2281,34,59.8,,,,,,,,,
21/05/2025,23:39:15,1289,2559,700,1270,1547,2279,34,59.9,,,,,,,,,
21/05/2025,23:39:04,1290,2564,701,1270,1547,2284,34,59.8,,,,,,,,,
21/05/2025,23:38:53,1290,2563,707,1269,1551,2284,34,59.8,,,,,,,,,
21/05/2025,23:38:43,1290,2572,707,1266,1554,2284,34,59.8,,,,,,,,,
21/05/2025,23:38:32,1290,2572,707,1272,1548,2285,34,59.8,,,,,,,,,
21/05/2025,23:38:21,1293,2572,705,1272,1555,2289,34,59.7,,,,,,,,,
21/05/2025,23:38:10,1283,2563,712,1266,1546,2286,34,59.8,,,,,,,,,
21/05/2025,23:37:59,1292,2564,704,1267,1548,2286,34,59.7,,,,,,,,,
21/05/2025,23:37:48,1290,2563,710,1255,1542,2274,34,59.7,,,,,,,,,
21/05/2025,23:37:38,1288,2559,706,1263,1547,2286,34,59.7,,,,,,,,,
21/05/2025,23:37:27,1286,2559,701,1260,1553,2281,34,59.7,,,,,,,,,
21/05/2025,23:37:16,1286,2559,704,1260,1542,2283,34,59.7,,,,,,,,,
21/05/2025,23:37:05,1282,2563,700,1268,1543,2283,34,59.6,,,,,,,,,
21/05/2025,23:36:54,1286,2563,709,1264,1545,2284,34,59.6,,,,,,,,,
21/05/2025,23:36:43,1286,2558,702,1259,1539,2281,34.1,59.6,,,,,,,,,
21/05/2025,23:36:31,1287,2559,701,1268,1535,2286,34.1,59.6,,,,,,,,,
21/05/2025,23:36:19,1283,2559,700,1254,1536,2276,34.1,59.7,,,,,,,,,
21/05/2025,23:36:06,1281,2558,699,1255,1535,2276,34.1,59.7,,,,,,,,,
21/05/2025,23:35:55,1285,2558,704,1256,1535,2273,34.1,59.6,,,,,,,,,
21/05/2025,23:35:44,1289,2558,701,1254,1535,2281,34.1,59.7,,,,,,,,,
21/05/2025,23:35:33,1287,2557,700,1256,1538,2276,34.1,59.7,,,,,,,,,
21/05/2025,23:35:22,1290,2558,700,1262,1538,2279,34.1,59.9,,,,,,,,,
21/05/2025,23:35:11,1288,2558,691,1259,1535,2290,34.1,60.1,,,,,,,,,
21/05/2025,23:35:00,1289,2563,701,1257,1538,2285,34.1,60.2,,,,,,,,,
21/05/2025,23:34:49,1291,2563,705,1255,1546,2283,34.1,60.2,,,,,,,,,
21/05/2025,23:34:38,1294,2577,703,1265,1549,2288,34.1,60.2,,,,,,,,,
21/05/2025,23:34:27,1293,2581,699,1261,1548,2292,34.1,60.3,,,,,,,,,
21/05/2025,23:34:16,1294,2584,709,1265,1547,2291,34.1,60.3,,,,,,,,,
21/05/2025,23:34:05,1298,2585,701,1273,1555,2285,34.1,60.4,,,,,,,,,
21/05/2025,23:33:55,1298,2587,711,1263,1548,2291,34.1,60.5,,,,,,,,,
21/05/2025,23:33:44,1297,2585,699,1262,1546,2292,34.1,60.6,,,,,,,,,
21/05/2025,23:33:33,1299,2591,698,1264,1542,2293,34.1,60.6,,,,,,,,,
21/05/2025,23:33:21,1297,2592,704,1269,1545,2291,34.1,60.7,,,,,,,,,
21/05/2025,23:33:10,1298,2591,700,1272,1551,2298,34.1,60.7,,,,,,,,,
21/05/2025,23:32:59,1298,2598,704,1268,1556,2299,34.1,60.8,,,,,,,,,
21/05/2025,23:32:47,1301,2602,708,1270,1554,2298,34.1,60.8,,,,,,,,,
21/05/2025,23:32:37,1303,2606,708,1272,1563,2309,34.1,60.8,,,,,,,,,
21/05/2025,23:32:26,1304,2607,705,1273,1561,2307,34.1,60.8,,,,,,,,,
21/05/2025,23:32:15,1303,2606,712,1272,1562,2307,34.1,60.8,,,,,,,,,
21/05/2025,23:32:04,1306,2607,709,1268,1562,2308,34.1,60.8,,,,,,,,,
21/05/2025,23:31:52,1307,2608,711,1271,1563,2319,34.1,60.8,,,,,,,,,
21/05/2025,23:31:41,1306,2607,713,1267,1561,2307,34.1,60.8,,,,,,,,,
21/05/2025,23:31:31,1305,2606,711,1272,1563,2308,34.1,60.8,,,,,,,,,
21/05/2025,23:31:20,1306,2608,713,1270,1567,2320,34.1,60.8,,,,,,,,,
21/05/2025,23:31:09,1306,2607,710,1267,1561,2309,34.1,60.8,,,,,,,,,
21/05/2025,23:30:59,1302,2606,705,1268,1558,2319,34.1,60.8,,,,,,,,,
21/05/2025,23:30:47,1310,2612,705,1274,1566,2310,34.1,60.8,,,,,,,,,
21/05/2025,23:30:36,1313,2612,709,1270,1562,2312,34.1,60.7,,,,,,,,,
21/05/2025,23:30:24,1306,2611,710,1268,1561,2311,34,60.7,,,,,,,,,
21/05/2025,23:30:12,1313,2612,710,1271,1559,2314,34.1,60.7,,,,,,,,,
21/05/2025,23:30:02,1307,2613,704,1271,1565,2317,34,60.5,,,,,,,,,
21/05/2025,23:29:50,1308,2612,707,1266,1571,2312,34,60.5,,,,,,,,,
21/05/2025,23:29:39,1338,2615,710,1266,1567,2316,34.1,60.5,,,,,,,,,
21/05/2025,23:29:28,1316,2612,705,1265,1566,2315,34.1,60.4,,,,,,,,,
21/05/2025,23:29:17,1311,2617,697,1265,1563,2315,34,60.3,,,,,,,,,
21/05/2025,23:29:06,1308,2622,708,1263,1563,2320,34.1,60.2,,,,,,,,,
21/05/2025,23:28:53,1317,2629,706,1275,1570,2326,34,60.1,,,,,,,,,
21/05/2025,23:28:41,1329,2637,722,1275,1579,2332,34.1,60.1,,,,,,,,,
21/05/2025,23:28:30,1328,2642,722,1276,1584,2340,34.1,60,,,,,,,,,
21/05/2025,23:28:20,1321,2630,723,1266,1577,2328,34.1,60.1,,,,,,,,,
21/05/2025,23:28:09,1320,2623,715,1264,1570,2321,34.1,60,,,,,,,,,
21/05/2025,23:27:58,1314,2608,713,1260,1569,2319,34.1,60,,,,,,,,,
21/05/2025,23:27:48,1312,2609,708,1256,1566,2313,34.1,59.9,,,,,,,,,
21/05/2025,23:27:37,1295,2609,709,1253,1564,2308,34.1,59.8,,,,,,,,,
21/05/2025,23:27:26,1319,2616,715,1257,1570,2320,34.1,59.8,,,,,,,,,
21/05/2025,23:27:15,1312,2612,714,1263,1567,2312,34.1,59.7,,,,,,,,,
21/05/2025,23:27:05,1337,2616,717,1261,1564,2313,34.2,59.7,,,,,,,,,
21/05/2025,23:26:54,1316,2620,716,1260,1570,2318,34.2,59.7,,,,,,,,,
21/05/2025,23:26:43,1308,2601,708,1259,1560,2303,34.2,59.7,,,,,,,,,
21/05/2025,23:26:32,1309,2606,705,1253,1560,2303,34.2,59.7,,,,,,,,,
21/05/2025,23:26:19,1310,2610,705,1255,1561,2309,34.2,59.8,,,,,,,,,
21/05/2025,23:26:08,1316,2615,707,1261,1557,2326,34.3,59.8,,,,,,,,,
21/05/2025,23:25:58,1308,2611,703,1262,1563,2307,34.3,59.9,,,,,,,,,
21/05/2025,23:25:47,1309,2612,703,1260,1558,2302,34.3,59.9,,,,,,,,,
21/05/2025,23:25:36,1313,2616,697,1258,1565,2300,34.3,60,,,,,,,,,
21/05/2025,23:25:25,1312,2614,690,1259,1560,2311,34.3,60.2,,,,,,,,,
21/05/2025,23:25:13,1313,2614,681,1263,1563,2308,34.3,60.3,,,,,,,,,
21/05/2025,23:25:02,1319,2628,693,1265,1571,2319,34.3,60.4,,,,,,,,,
21/05/2025,23:24:51,1330,2652,709,1277,1583,2341,34.3,60.5,,,,,,,,,
21/05/2025,23:24:40,1345,2666,708,1292,1589,2352,34.3,60.4,,,,,,,,,
21/05/2025,23:24:28,1340,2669,725,1294,1591,2354,34.3,60.5,,,,,,,,,
21/05/2025,23:24:15,1342,2673,710,1284,1594,2356,34.4,60.6,,,,,,,,,
21/05/2025,23:24:03,1343,2676,708,1285,1591,2360,34.4,60.6,,,,,,,,,
21/05/2025,23:23:50,1345,2677,708,1292,1594,2358,34.4,60.6,,,,,,,,,
21/05/2025,23:23:36,1341,2682,719,1291,1598,2364,34.4,60.7,,,,,,,,,
21/05/2025,23:23:23,1347,2683,716,1292,1598,2362,34.4,60.8,,,,,,,,,
21/05/2025,23:23:12,1345,2675,715,1294,1592,2358,34.4,60.8,,,,,,,,,
21/05/2025,23:23:01,1347,2676,716,1289,1593,2360,34.4,60.8,,,,,,,,,
21/05/2025,23:22:51,1347,2679,714,1295,1594,2359,34.4,60.9,,,,,,,,,
21/05/2025,23:22:40,1346,2679,708,1296,1591,2363,34.4,61,,,,,,,,,
21/05/2025,23:22:29,1349,2686,711,1290,1590,2356,34.5,61.1,,,,,,,,,
21/05/2025,23:22:17,1342,2669,703,1297,1583,2359,34.5,61,,,,,,,,,
21/05/2025,23:22:06,1351,2685,710,1293,1593,2365,34.4,61.1,,,,,,,,,
21/05/2025,23:21:54,1352,2690,710,1302,1594,2364,34.5,61.2,,,,,,,,,
21/05/2025,23:21:43,1344,2694,713,1305,1596,2370,34.5,61.2,,,,,,,,,
21/05/2025,23:21:32,1355,2697,717,1301,1600,2380,34.5,61.3,,,,,,,,,
21/05/2025,23:21:20,1354,2698,713,1303,1594,2359,34.5,61.3,,,,,,,,,
21/05/2025,23:21:08,1360,2714,710,1307,1600,2378,34.5,61.4,,,,,,,,,
21/05/2025,23:20:55,1362,2708,713,1305,1601,2381,34.5,61.5,,,,,,,,,
21/05/2025,23:20:44,1363,2710,719,1305,1601,2381,34.5,61.5,,,,,,,,,
21/05/2025,23:20:33,1365,2714,717,1309,1606,2383,34.5,61.5,,,,,,,,,
21/05/2025,23:20:22,1363,2714,712,1313,1603,2384,34.5,61.5,,,,,,,,,
21/05/2025,23:20:11,1368,2718,708,1313,1604,2385,34.5,61.5,,,,,,,,,
21/05/2025,23:19:57,1357,2727,714,1312,1606,2386,34.5,61.5,,,,,,,,,
21/05/2025,23:19:47,1366,2731,709,1317,1607,2387,34.5,61.5,,,,,,,,,
21/05/2025,23:19:35,1366,2727,721,1322,1609,2392,34.5,61.4,,,,,,,,,
21/05/2025,23:19:24,1370,2727,717,1313,1612,2391,34.5,61.3,,,,,,,,,
21/05/2025,23:19:13,1370,2730,715,1312,1610,2392,34.5,61.3,,,,,,,,,
21/05/2025,23:19:02,1372,2735,721,1320,1614,2396,34.5,61.3,,,,,,,,,
21/05/2025,23:18:50,1383,2735,718,1318,1612,2397,34.5,61.3,,,,,,,,,
21/05/2025,23:18:39,1375,2739,714,1321,1616,2401,34.5,61.2,,,,,,,,,
21/05/2025,23:18:29,1377,2741,715,1320,1616,2399,34.5,61.2,,,,,,,,,
21/05/2025,23:18:18,1381,2743,723,1323,1615,2404,34.5,61.2,,,,,,,,,
21/05/2025,23:18:07,1381,2743,717,1322,1614,2406,34.5,61.1,,,,,,,,,
21/05/2025,23:17:56,1378,2744,718,1322,1612,2402,34.5,61.1,,,,,,,,,
21/05/2025,23:17:45,1378,2750,718,1319,1612,2413,34.5,61.1,,,,,,,,,
21/05/2025,23:17:34,1382,2749,722,1325,1615,2406,34.6,61.1,,,,,,,,,
21/05/2025,23:17:23,1380,2750,723,1319,1617,2407,34.6,61.1,,,,,,,,,
21/05/2025,23:17:12,1385,2747,720,1325,1620,2410,34.5,61.1,,,,,,,,,
21/05/2025,23:17:02,1380,2749,719,1321,1617,2401,34.5,61,,,,,,,,,
21/05/2025,23:16:51,1381,2754,722,1324,1619,2410,34.5,61,,,,,,,,,
21/05/2025,23:16:40,1385,2756,725,1329,1622,2410,34.5,61,,,,,,,,,
21/05/2025,23:16:30,1390,2758,726,1322,1621,2412,34.5,61,,,,,,,,,
21/05/2025,23:16:18,1386,2762,713,1330,1615,2425,34.5,60.9,,,,,,,,,
21/05/2025,23:16:07,1388,2768,729,1328,1623,2416,34.6,60.9,,,,,,,,,
21/05/2025,23:15:56,1388,2763,728,1328,1621,2416,34.6,60.9,,,,,,,,,
21/05/2025,23:15:44,1389,2763,738,1343,1613,2426,34.6,60.9,,,,,,,,,
21/05/2025,23:15:33,1389,2765,732,1328,1619,2415,34.6,60.9,,,,,,,,,
21/05/2025,23:15:22,1391,2769,732,1332,1621,2417,34.6,60.8,,,,,,,,,
21/05/2025,23:15:11,1391,2770,728,1336,1624,2421,34.6,60.9,,,,,,,,,
21/05/2025,23:15:00,1394,2775,735,1337,1622,2422,34.6,60.9,,,,,,,,,
21/05/2025,23:14:49,1391,2775,731,1318,1624,2426,34.6,60.9,,,,,,,,,
21/05/2025,23:14:38,1392,2778,736,1340,1629,2422,34.6,61,,,,,,,,,
21/05/2025,23:14:28,1395,2779,741,1336,1625,2420,34.6,60.9,,,,,,,,,
21/05/2025,23:14:17,1399,2786,742,1340,1629,2425,34.7,61,,,,,,,,,
21/05/2025,23:14:06,1396,2784,744,1336,1628,2425,34.6,61,,,,,,,,,
21/05/2025,23:13:55,1400,2791,744,1349,1630,2426,34.7,61.1,,,,,,,,,
21/05/2025,23:13:44,1401,2791,746,1342,1631,2424,34.7,61.4,,,,,,,,,
21/05/2025,23:13:32,1405,2796,749,1351,1634,2427,34.7,61.6,,,,,,,,,
21/05/2025,23:13:20,1404,2798,756,1351,1634,2427,34.7,61.7,,,,,,,,,
21/05/2025,23:13:09,1408,2800,749,1354,1630,2426,34.7,61.9,,,,,,,,,
21/05/2025,23:12:58,1406,2800,752,1359,1633,2432,34.7,62,,,,,,,,,
21/05/2025,23:12:47,1407,2802,761,1355,1634,2432,34.7,62.1,,,,,,,,,
21/05/2025,23:12:36,1408,2805,755,1358,1636,2439,34.7,62.1,,,,,,,,,
21/05/2025,23:12:25,1413,2811,755,1362,1638,2439,34.7,62.2,,,,,,,,,
21/05/2025,23:12:11,1427,2814,755,1357,1639,2440,34.7,62.3,,,,,,,,,
21/05/2025,23:12:00,1416,2819,763,1355,1640,2441,34.7,62.4,,,,,,,,,
21/05/2025,23:11:50,1418,2819,765,1369,1642,2448,34.8,62.6,,,,,,,,,
21/05/2025,23:11:38,1416,2827,765,1361,1641,2448,34.8,62.6,,,,,,,,,
21/05/2025,23:11:27,1422,2824,773,1373,1643,2447,34.8,62.8,,,,,,,,,
21/05/2025,23:11:16,1422,2825,780,1375,1640,2450,34.8,62.9,,,,,,,,,
21/05/2025,23:11:05,1419,2826,776,1380,1646,2448,34.8,63,,,,,,,,,
21/05/2025,23:10:54,1423,2830,774,1374,1645,2456,34.8,63.2,,,,,,,,,
21/05/2025,23:10:42,1424,2831,780,1375,1645,2450,34.8,63.3,,,,,,,,,
21/05/2025,23:10:31,1427,2845,790,1383,1647,2456,34.8,63.3,,,,,,,,,
21/05/2025,23:10:20,1431,2840,793,1381,1648,2457,34.8,63.3,,,,,,,,,
21/05/2025,23:10:09,1428,2840,790,1383,1645,2454,34.8,63.5,,,,,,,,,
21/05/2025,23:09:58,1431,2843,788,1380,1645,2453,34.8,63.6,,,,,,,,,
21/05/2025,23:09:47,1430,2850,799,1383,1648,2458,34.8,63.7,,,,,,,,,
21/05/2025,23:09:36,1433,2847,791,1387,1647,2457,34.8,63.7,,,,,,,,,
21/05/2025,23:09:26,1432,2846,794,1390,1645,2459,34.9,63.8,,,,,,,,,
21/05/2025,23:09:14,1435,2856,814,1395,1650,2469,34.9,64,,,,,,,,,
21/05/2025,23:09:02,1434,2859,807,1391,1651,2465,34.9,64.1,,,,,,,,,
21/05/2025,23:08:52,1440,2857,811,1391,1650,2467,34.9,64.2,,,,,,,,,
21/05/2025,23:08:41,1437,2861,810,1395,1649,2464,34.9,64.3,,,,,,,,,
21/05/2025,23:08:29,1441,2863,816,1389,1652,2471,34.9,64.4,,,,,,,,,
21/05/2025,23:08:18,1443,2869,821,1402,1653,2475,34.9,64.5,,,,,,,,,
21/05/2025,23:08:07,1445,2871,833,1400,1655,2474,34.9,64.6,,,,,,,,,
21/05/2025,23:07:55,1450,2877,833,1401,1655,2473,35,64.7,,,,,,,,,
21/05/2025,23:07:43,1457,2877,845,1400,1651,2479,34.9,64.7,,,,,,,,,
21/05/2025,23:07:32,1451,2882,841,1402,1656,2476,35,64.7,,,,,,,,,
21/05/2025,23:07:20,1447,2873,846,1399,1650,2468,35,64.8,,,,,,,,,
21/05/2025,23:07:10,1444,2868,846,1396,1646,2464,35,65,,,,,,,,,
21/05/2025,23:06:59,1447,2868,844,1393,1646,2459,35,65.1,,,,,,,,,
21/05/2025,23:06:48,1449,2866,836,1398,1644,2464,35,65.2,,,,,,,,,
21/05/2025,23:06:37,1443,2866,844,1386,1645,2453,35,65.2,,,,,,,,,
21/05/2025,23:06:26,1448,2869,849,1396,1645,2459,35.1,65.2,,,,,,,,,
21/05/2025,23:06:15,1441,2864,845,1387,1642,2453,35,65.2,,,,,,,,,
21/05/2025,23:06:04,1445,2863,852,1393,1640,2450,35.1,65.3,,,,,,,,,
21/05/2025,23:05:52,1444,2866,857,1392,1638,2449,35.1,65.4,,,,,,,,,
21/05/2025,23:05:40,1450,2874,858,1396,1643,2457,35.1,65.4,,,,,,,,,
21/05/2025,23:05:29,1445,2875,863,1395,1639,2446,35.1,65.5,,,,,,,,,
21/05/2025,23:05:19,1452,2878,874,1398,1642,2457,35.1,65.6,,,,,,,,,
21/05/2025,23:05:07,1455,2883,878,1401,1639,2457,35.1,65.8,,,,,,,,,
21/05/2025,23:04:56,1453,2878,878,1395,1636,2450,35.1,66,,,,,,,,,
21/05/2025,23:04:45,1447,2869,849,1411,1641,2449,35.1,66.2,,,,,,,,,
21/05/2025,23:04:32,1432,2838,861,1380,1610,2418,35.1,66.4,,,,,,,,,
21/05/2025,23:04:19,1430,2837,854,1380,1607,2415,35.1,66.4,,,,,,,,,
21/05/2025,23:04:09,1428,2832,844,1367,1603,2414,35.2,66.6,,,,,,,,,
21/05/2025,23:03:58,1426,2842,853,1378,1611,2412,35.2,66.6,,,,,,,,,
21/05/2025,23:03:46,1437,2865,866,1388,1627,2433,35.2,66.6,,,,,,,,,
21/05/2025,23:03:36,1437,2865,856,1387,1628,2433,35.2,66.6,,,,,,,,,
21/05/2025,23:03:34,1452,2866,869,1398,1628,2436,35.2,66.6,,,,,,,,,
21/05/2025,23:03:11,1440,2875,864,1390,1629,2438,35.2,66.7,,,,,,,,,
21/05/2025,23:03:00,1453,2871,867,1391,1627,2436,35.2,66.7,,,,,,,,,
21/05/2025,23:02:49,1443,2868,870,1396,1629,2436,35.2,66.7,,,,,,,,,
21/05/2025,23:02:38,1444,2872,872,1396,1626,2438,35.3,66.8,,,,,,,,,
21/05/2025,23:02:27,1446,2874,872,1398,1630,2440,35.3,66.7,,,,,,,,,
21/05/2025,23:02:16,1442,2878,870,1391,1625,2434,35.3,66.8,,,,,,,,,
21/05/2025,23:02:05,1443,2874,879,1400,1629,2438,35.3,66.9,,,,,,,,,
21/05/2025,23:01:53,1445,2877,881,1392,1626,2439,35.3,66.9,,,,,,,,,
21/05/2025,23:01:43,1444,2877,878,1404,1626,2440,35.3,66.9,,,,,,,,,
21/05/2025,23:01:32,1443,2876,880,1401,1625,2432,35.3,67,,,,,,,,,
21/05/2025,23:01:21,1452,2882,880,1402,1627,2441,35.4,67.1,,,,,,,,,
21/05/2025,23:01:10,1446,2880,881,1397,1625,2438,35.4,67.1,,,,,,,,,
21/05/2025,23:00:59,1451,2875,877,1402,1619,2443,35.4,67.1,,,,,,,,,
21/05/2025,23:00:48,1447,2882,878,1399,1623,2438,35.4,67.2,,,,,,,,,
21/05/2025,23:00:37,1450,2882,885,1399,1622,2441,35.4,67.2,,,,,,,,,
21/05/2025,23:00:26,1451,2888,885,1405,1624,2437,35.4,67.3,,,,,,,,,
21/05/2025,23:00:15,1440,2876,882,1396,1614,2428,35.4,67.3,,,,,,,,,
21/05/2025,23:00:03,1453,2879,880,1399,1619,2435,35.5,67.4,,,,,,,,,
21/05/2025,22:59:53,1444,2875,882,1400,1614,2429,35.4,67.3,,,,,,,,,
21/05/2025,22:59:42,1446,2883,886,1399,1619,2436,35.5,67.4,,,,,,,,,
21/05/2025,22:59:31,1446,2878,884,1397,1615,2431,35.5,67.4,,,,,,,,,
21/05/2025,22:59:20,1451,2880,881,1391,1614,2428,35.5,67.4,,,,,,,,,
21/05/2025,22:59:09,1446,2878,885,1399,1614,2430,35.5,67.4,,,,,,,,,
21/05/2025,22:58:58,1444,2882,892,1404,1613,2434,35.5,67.5,,,,,,,,,
21/05/2025,22:58:47,1447,2886,886,1403,1615,2430,35.6,67.5,,,,,,,,,
21/05/2025,22:58:36,1446,2884,889,1399,1607,2434,35.6,67.6,,,,,,,,,
21/05/2025,22:58:26,1449,2886,891,1403,1614,2436,35.6,67.6,,,,,,,,,
21/05/2025,22:58:15,1452,2885,885,1402,1611,2432,35.6,67.6,,,,,,,,,
21/05/2025,22:58:02,1452,2885,887,1407,1612,2434,35.6,67.7,,,,,,,,,
21/05/2025,22:57:51,1448,2886,888,1409,1610,2432,35.6,67.8,,,,,,,,,
21/05/2025,22:57:41,1449,2888,890,1404,1611,2430,35.6,67.9,,,,,,,,,
21/05/2025,22:57:30,1448,2887,889,1409,1607,2428,35.7,68,,,,,,,,,
21/05/2025,22:57:18,1450,2890,891,1415,1608,2429,35.7,68,,,,,,,,,
21/05/2025,22:57:08,1453,2894,894,1410,1608,2425,35.7,68,,,,,,,,,
21/05/2025,22:56:56,1454,2896,892,1414,1608,2434,35.7,68.1,,,,,,,,,
21/05/2025,22:56:44,1455,2895,886,1414,1607,2431,35.7,68.3,,,,,,,,,
21/05/2025,22:56:33,1452,2894,887,1420,1605,2429,35.8,68.4,,,,,,,,,
21/05/2025,22:56:22,1451,2897,889,1414,1602,2427,35.8,68.5,,,,,,,,,
21/05/2025,22:56:11,1456,2903,886,1423,1598,2431,35.8,68.6,,,,,,,,,
21/05/2025,22:56:01,1458,2902,893,1415,1604,2433,35.9,68.7,,,,,,,,,
21/05/2025,22:55:49,1453,2909,899,1430,1606,2434,35.9,68.8,,,,,,,,,
21/05/2025,22:55:38,1459,2905,898,1422,1603,2432,35.9,68.8,,,,,,,,,
21/05/2025,22:55:25,1459,2914,896,1431,1611,2442,35.9,68.9,,,,,,,,,
21/05/2025,22:55:14,1457,2915,903,1416,1606,2449,35.9,69,,,,,,,,,
21/05/2025,22:55:03,1461,2911,901,1435,1601,2434,35.9,69,,,,,,,,,
21/05/2025,22:54:52,1458,2908,908,1425,1600,2429,35.9,69,,,,,,,,,
21/05/2025,22:54:41,1457,2911,903,1429,1599,2433,36,69.1,,,,,,,,,
21/05/2025,22:54:30,1459,2909,907,1432,1599,2428,36,69.3,,,,,,,,,
21/05/2025,22:54:19,1460,2908,907,1431,1591,2427,36,69.4,,,,,,,,,
21/05/2025,22:54:08,1452,2902,895,1436,1595,2422,36,69.5,,,,,,,,,
21/05/2025,22:53:56,1452,2897,902,1427,1584,2416,36,69.6,,,,,,,,,
21/05/2025,22:53:45,1456,2898,898,1434,1583,2418,36.1,69.7,,,,,,,,,
21/05/2025,22:53:34,1452,2897,898,1425,1577,2414,36.1,69.7,,,,,,,,,
21/05/2025,22:53:23,1452,2896,908,1434,1579,2416,36.1,69.8,,,,,,,,,
21/05/2025,22:53:12,1445,2894,896,1428,1576,2410,36.1,69.9,,,,,,,,,
21/05/2025,22:53:01,1451,2895,907,1439,1575,2413,36.1,70,,,,,,,,,
21/05/2025,22:52:50,1452,2900,897,1431,1579,2415,36.1,70.1,,,,,,,,,
21/05/2025,22:52:40,1452,2896,907,1438,1573,2410,36.2,70.1,,,,,,,,,
21/05/2025,22:52:29,1447,2893,899,1440,1566,2410,36.2,70.2,,,,,,,,,
21/05/2025,22:52:18,1453,2891,899,1434,1568,2402,36.2,70.3,,,,,,,,,
21/05/2025,22:52:06,1447,2891,905,1434,1568,2405,36.2,70.3,,,,,,,,,
21/05/2025,22:51:55,1445,2891,896,1445,1565,2406,36.3,70.4,,,,,,,,,
21/05/2025,22:51:41,1447,2893,903,1443,1565,2400,36.3,70.4,,,,,,,,,
21/05/2025,22:51:30,1443,2892,901,1445,1561,2407,36.3,70.5,,,,,,,,,
21/05/2025,22:51:19,1437,2898,889,1440,1544,2400,36.3,70.6,,,,,,,,,
21/05/2025,22:51:08,1442,2886,900,1447,1560,2395,36.4,70.7,,,,,,,,,
21/05/2025,22:50:57,1443,2893,903,1450,1556,2396,36.4,70.8,,,,,,,,,
21/05/2025,22:50:45,1442,2898,899,1457,1556,2400,36.4,71,,,,,,,,,
21/05/2025,22:50:34,1443,2900,904,1463,1556,2405,36.4,71,,,,,,,,,
21/05/2025,22:50:22,1450,2897,906,1453,1543,2399,36.4,71.1,,,,,,,,,
21/05/2025,22:50:11,1447,2895,901,1455,1546,2396,36.5,71.3,,,,,,,,,
21/05/2025,22:50:00,1442,2892,902,1467,1546,2394,36.5,71.4,,,,,,,,,
21/05/2025,22:49:49,1446,2900,904,1462,1546,2395,36.5,71.6,,,,,,,,,
21/05/2025,22:49:38,1441,2892,906,1457,1534,2390,36.5,71.7,,,,,,,,,
21/05/2025,22:49:28,1436,2891,906,1464,1535,2388,36.5,71.8,,,,,,,,,
21/05/2025,22:49:17,1436,2887,901,1457,1538,2386,36.5,71.9,,,,,,,,,
21/05/2025,22:49:06,1436,2883,898,1459,1532,2384,36.6,72,,,,,,,,,
21/05/2025,22:48:55,1433,2887,898,1463,1530,2382,36.6,72.1,,,,,,,,,
21/05/2025,22:48:44,1428,2880,893,1462,1528,2376,36.6,72.1,,,,,,,,,
21/05/2025,22:48:33,1430,2880,893,1454,1535,2380,36.6,72.2,,,,,,,,,
21/05/2025,22:48:22,1435,2891,899,1461,1531,2384,36.6,72.3,,,,,,,,,
21/05/2025,22:48:11,1441,2891,904,1473,1526,2380,36.6,72.4,,,,,,,,,
21/05/2025,22:48:00,1427,2887,888,1460,1535,2395,36.6,72.3,,,,,,,,,
21/05/2025,22:47:49,1431,2887,894,1472,1522,2374,36.6,72.6,,,,,,,,,
21/05/2025,22:47:38,1426,2877,872,1461,1510,2360,36.6,73,,,,,,,,,
21/05/2025,22:47:27,1419,2874,887,1461,1509,2366,36.6,73.1,,,,,,,,,
21/05/2025,22:47:16,1436,2903,903,1479,1524,2385,36.7,73.3,,,,,,,,,
21/05/2025,22:47:04,1438,2901,898,1479,1522,2385,36.7,73.4,,,,,,,,,
21/05/2025,22:46:53,1436,2905,896,1483,1522,2383,36.7,73.5,bật điều hòa,,,,,,,,
21/05/2025,22:46:42,1433,2897,900,1484,1516,2377,36.7,73.5,,,,,,,,,
21/05/2025,22:46:31,1428,2894,899,1478,1510,2374,36.7,73.6,,,,,,,,,
21/05/2025,22:46:20,1432,2898,898,1480,1515,2374,36.7,73.6,,,,,,,,,
21/05/2025,22:46:09,1425,2896,896,1479,1509,2376,36.7,73.6,,,,,,,,,
21/05/2025,22:45:58,1423,2894,898,1479,1504,2368,36.7,73.6,,,,,,,,,
21/05/2025,22:45:46,1422,2891,901,1474,1501,2365,36.7,73.6,,,,,,,,,
21/05/2025,22:45:34,1416,2888,896,1472,1494,2355,36.7,73.6,,,,,,,,,
21/05/2025,22:45:23,1413,2881,886,1470,1493,2352,36.7,73.6,,,,,,,,,
21/05/2025,22:45:12,1407,2876,887,1465,1487,2343,36.7,73.6,,,,,,,,,
21/05/2025,22:45:01,1407,2882,885,1465,1489,2339,36.7,73.6,,,,,,,,,
21/05/2025,22:44:50,1403,2878,886,1463,1486,2332,36.6,73.6,,,,,,,,,
21/05/2025,22:44:39,1395,2865,882,1460,1481,2332,36.7,73.6,,,,,,,,,
21/05/2025,22:44:28,1396,2861,875,1458,1478,2325,36.6,73.6,,,,,,,,,
21/05/2025,22:44:17,1393,2869,873,1452,1473,2319,36.6,73.6,,,,,,,,,
21/05/2025,22:44:06,1390,2858,875,1452,1471,2316,36.6,73.6,,,,,,,,,
21/05/2025,22:43:56,1388,2854,869,1460,1468,2311,36.6,73.7,,,,,,,,,
21/05/2025,22:43:43,1390,2855,868,1456,1466,2310,36.6,73.7,,,,,,,,,
21/05/2025,22:43:31,1380,2844,870,1453,1461,2300,36.6,73.6,,,,,,,,,
21/05/2025,22:43:20,1376,2848,859,1449,1456,2299,36.6,73.6,,,,,,,,,
21/05/2025,22:43:09,1375,2841,862,1444,1456,2309,36.6,73.7,,,,,,,,,
21/05/2025,22:42:58,1371,2838,854,1448,1455,2289,36.6,73.7,,,,,,,,,
21/05/2025,22:42:48,1366,2836,836,1457,1465,2286,36.6,73.7,,,,,,,,,
21/05/2025,22:42:36,1363,2827,849,1445,1449,2278,36.6,73.7,,,,,,,,,
21/05/2025,22:42:25,1351,2829,846,1450,1449,2274,36.6,73.7,,,,,,,,,
21/05/2025,22:42:13,1354,2821,847,1451,1446,2267,36.6,73.7,,,,,,,,,
21/05/2025,22:41:59,1355,2818,835,1440,1444,2258,36.6,73.6,,,,,,,,,
21/05/2025,22:41:48,1346,2814,838,1447,1439,2254,36.6,73.6,,,,,,,,,
21/05/2025,22:41:36,1330,2816,832,1446,1439,2253,36.6,73.6,,,,,,,,,
21/05/2025,22:41:25,1338,2814,835,1446,1435,2250,36.6,73.6,,,,,,,,,
21/05/2025,22:41:14,1334,2810,842,1445,1430,2240,36.6,73.6,,,,,,,,,
21/05/2025,22:41:02,1327,2808,827,1443,1427,2238,36.6,73.6,,,,,,,,,
21/05/2025,22:40:52,1324,2813,828,1449,1427,2238,36.6,73.6,,,,,,,,,
21/05/2025,22:40:41,1319,2798,826,1448,1416,2232,36.6,73.6,,,,,,,,,
21/05/2025,22:40:30,1321,2818,822,1450,1409,2236,36.6,73.7,,,,,,,,,
21/05/2025,22:40:19,1312,2799,820,1452,1405,2224,36.5,73.7,,,,,,,,,
21/05/2025,22:40:08,1307,2805,814,1454,1402,2223,36.5,73.8,,,,,,,,,
21/05/2025,22:39:57,1306,2798,818,1450,1407,2225,36.5,73.7,,,,,,,,,
21/05/2025,22:39:46,1299,2789,817,1445,1396,2216,36.5,73.7,,,,,,,,,
21/05/2025,22:39:35,1289,2789,808,1447,1397,2218,36.5,73.7,,,,,,,,,
21/05/2025,22:39:24,1287,2782,807,1451,1397,2203,36.5,73.8,,,,,,,,,
21/05/2025,22:39:13,1296,2777,809,1451,1393,2200,36.5,73.7,,,,,,,,,
21/05/2025,22:39:01,1272,2770,800,1446,1392,2197,36.5,73.7,,,,,,,,,
21/05/2025,22:38:50,1265,2764,804,1446,1392,2184,36.4,73.7,,,,,,,,,
21/05/2025,22:38:40,1266,2760,795,1447,1390,2182,36.4,73.6,,,,,,,,,
21/05/2025,22:38:29,1254,2756,795,1450,1389,2182,36.4,73.6,,,,,,,,,
21/05/2025,22:38:18,1248,2752,789,1444,1389,2172,36.4,73.6,,,,,,,,,
21/05/2025,22:38:07,1235,2742,784,1445,1383,2173,36.4,73.6,,,,,,,,,
21/05/2025,22:37:56,1229,2736,779,1443,1382,2167,36.4,73.6,,,,,,,,,
21/05/2025,22:37:45,1221,2738,783,1447,1381,2166,36.4,73.6,,,,,,,,,
21/05/2025,22:37:35,1224,2736,778,1446,1376,2159,36.4,73.6,,,,,,,,,
21/05/2025,22:37:23,1214,2730,781,1447,1380,2160,36.4,73.6,,,,,,,,,
21/05/2025,22:37:12,1209,2725,778,1446,1378,2156,36.4,73.6,,,,,,,,,
21/05/2025,22:37:00,1198,2726,770,1449,1378,2152,36.4,73.6,,,,,,,,,
21/05/2025,22:36:49,1194,2715,769,1446,1372,2145,36.3,73.6,,,,,,,,,
21/05/2025,22:36:38,1187,2705,766,1448,1369,2142,36.3,73.6,,,,,,,,,
21/05/2025,22:36:27,1173,2699,757,1441,1367,2124,36.3,73.7,,,,,,,,,
21/05/2025,22:36:15,1169,2692,753,1446,1366,2134,36.3,73.6,,,,,,,,,
21/05/2025,22:36:04,1162,2691,769,1451,1375,2138,36.3,73.7,,,,,,,,,
21/05/2025,22:35:52,1156,2685,755,1453,1361,2133,36.3,73.7,,,,,,,,,
21/05/2025,22:35:42,1151,2679,754,1450,1353,2127,36.2,73.7,,,,,,,,,
21/05/2025,22:35:35,1143,2679,752,1455,1341,2125,36.2,73.6,,,,,,,,,
21/05/2025,22:35:17,1136,2677,754,1458,1340,2126,36.2,73.6,,,,,,,,,
21/05/2025,22:35:06,1130,2671,749,1461,1343,2128,36.2,73.7,,,,,,,,,
21/05/2025,22:34:55,1121,2667,743,1454,1342,2126,36.2,73.7,,,,,,,,,
21/05/2025,22:34:45,1110,2670,739,1462,1341,2124,36.2,73.7,,,,,,,,,
21/05/2025,22:34:34,1107,2655,729,1464,1356,2137,36.2,73.7,,,,,,,,,
21/05/2025,22:34:24,1105,2657,730,1467,1342,2120,36.2,73.7,,,,,,,,,
21/05/2025,22:34:12,1097,2648,742,1464,1343,2120,36.1,73.7,,,,,,,,,
21/05/2025,22:34:00,1082,2642,725,1467,1340,2120,36.1,73.7,,,,,,,,,
21/05/2025,22:33:49,1073,2637,729,1467,1332,2109,36.1,73.8,,,,,,,,,
21/05/2025,22:33:38,1069,2626,723,1469,1343,2112,36.1,73.8,,,,,,,,,
21/05/2025,22:33:27,1062,2620,727,1470,1347,2110,36.1,73.8,,,,,,,,,
21/05/2025,22:33:16,1048,2610,719,1481,1357,2107,36.1,73.8,,,,,,,,,
21/05/2025,22:33:05,1042,2603,718,1472,1352,2097,36,73.8,,,,,,,,,
21/05/2025,22:32:55,1037,2600,721,1477,1363,2110,36,73.8,,,,,,,,,
21/05/2025,22:32:44,1024,2597,718,1479,1358,2100,36,73.9,,,,,,,,,
21/05/2025,22:32:33,1013,2590,715,1484,1356,2100,36,73.9,,,,,,,,,
21/05/2025,22:32:21,1006,2578,720,1482,1368,2098,35.9,74,,,,,,,,,
21/05/2025,22:31:54,984,2555,699,1488,1365,2087,35.9,74,,,,,,,,,
21/05/2025,22:31:43,994,2548,702,1493,1374,2091,35.8,74.1,,,,,,,,,
21/05/2025,22:31:32,967,2540,706,1496,1373,2090,35.8,74.1,,,,,,,,,
21/05/2025,22:31:21,953,2537,702,1502,1365,2091,35.8,74.1,,,,,,,,,
21/05/2025,22:31:10,952,2537,710,1511,1366,2094,35.7,74.1,,,,,,,,,
21/05/2025,22:30:59,949,2534,706,1521,1376,2107,35.7,74.1,,,,,,,,,
21/05/2025,22:30:48,941,2526,704,1512,1375,2092,35.7,74.1,,,,,,,,,
21/05/2025,22:30:37,932,2513,693,1520,1376,2090,35.7,74.2,,,,,,,,,
21/05/2025,22:30:26,920,2510,701,1527,1373,2090,35.6,74.2,,,,,,,,,
21/05/2025,22:30:15,909,2502,693,1524,1375,2088,35.6,74.2,,,,,,,,,
21/05/2025,22:30:04,908,2498,695,1531,1381,2084,35.6,74.2,,,,,,,,,
21/05/2025,22:29:54,889,2491,689,1533,1375,2081,35.5,74.2,,,,,,,,,
21/05/2025,22:29:43,895,2485,695,1541,1381,2088,35.5,74.2,,,,,,,,,
21/05/2025,22:29:32,878,2478,686,1546,1376,2084,35.5,74.3,,,,,,,,,
21/05/2025,22:29:20,881,2463,700,1553,1376,2089,35.4,74.3,,,,,,,,,
21/05/2025,22:29:08,854,2473,693,1553,1382,2084,35.4,74.4,,,,,,,,,
21/05/2025,22:28:58,872,2465,688,1560,1380,2083,35.4,74.5,miếng tỏi mới,,,,,,,,
21/05/2025,0:22:31,1311,2506,656,1391,1584,2159,36.8,71.6,,,,,,,,,
21/05/2025,0:22:18,1307,2499,653,1393,1534,2165,36.8,71.6,,,,,,,,,
21/05/2025,0:22:06,1318,2502,652,1392,1526,2160,36.8,71.7,,,,,,,,,
21/05/2025,0:21:53,1319,2509,649,1392,1523,2165,36.8,71.6,,,,,,,,,
21/05/2025,0:21:40,1326,2521,656,1389,1533,2171,36.8,71.6,,,,,,,,,
21/05/2025,0:21:28,1317,2510,653,1405,1535,2171,36.8,71.6,,,,,,,,,
21/05/2025,0:21:15,1326,2503,656,1392,1527,2174,36.8,71.6,,,,,,,,,
21/05/2025,0:21:02,1322,2510,654,1402,1533,2172,36.8,71.6,,,,,,,,,
21/05/2025,0:20:49,1326,2512,657,1402,1535,2181,36.8,71.6,,,,,,,,,
21/05/2025,0:20:36,1328,2509,665,1403,1534,2175,36.8,71.6,,,,,,,,,
21/05/2025,0:20:22,1328,2511,656,1402,1535,2176,36.8,71.5,,,,,,,,,
21/05/2025,0:20:10,1328,2513,659,1402,1535,2177,36.8,71.5,,,,,,,,,
21/05/2025,0:19:57,1322,2512,658,1405,1532,2181,36.8,71.5,,,,,,,,,
21/05/2025,0:19:45,1328,2514,659,1406,1535,2176,36.8,71.5,,,,,,,,,
21/05/2025,0:19:32,1328,2512,662,1392,1527,2181,36.8,71.4,,,,,,,,,
21/05/2025,0:19:20,1339,2519,670,1401,1535,2189,36.8,71.5,,,,,,,,,
21/05/2025,0:19:07,1331,2514,656,1408,1532,2186,36.8,71.5,,,,,,,,,
21/05/2025,0:18:54,1333,2518,665,1422,1535,2187,36.9,71.6,,,,,,,,,
21/05/2025,0:18:41,1344,2515,658,1408,1535,2187,36.8,71.6,,,,,,,,,
21/05/2025,0:18:28,1342,2518,656,1415,1534,2190,36.8,71.6,,,,,,,,,
21/05/2025,0:18:15,1345,2519,656,1417,1535,2195,36.8,71.6,,,,,,,,,
21/05/2025,0:18:02,1350,2519,674,1421,1535,2197,36.8,71.6,,,,,,,,,
21/05/2025,0:17:49,1347,2523,665,1424,1535,2187,36.8,71.6,,,,,,,,,
21/05/2025,0:17:36,1343,2521,663,1407,1535,2191,36.8,71.7,,,,,,,,,
21/05/2025,0:17:24,1359,2523,669,1421,1534,2195,36.8,71.7,,,,,,,,,
21/05/2025,0:17:11,1357,2522,664,1421,1535,2199,36.8,71.7,,,,,,,,,
21/05/2025,0:16:59,1360,2528,681,1423,1534,2204,36.8,71.7,,,,,,,,,
21/05/2025,0:16:46,1355,2531,666,1431,1535,2209,36.8,71.7,,,,,,,,,
21/05/2025,0:16:33,1354,2527,672,1424,1531,2210,36.8,71.7,,,,,,,,,
21/05/2025,0:16:21,1361,2525,668,1431,1535,2210,36.8,71.8,,,,,,,,,
21/05/2025,0:16:08,1357,2527,686,1433,1534,2218,36.8,71.8,,,,,,,,,
21/05/2025,0:15:55,1357,2530,671,1424,1534,2223,36.8,71.8,,,,,,,,,
21/05/2025,0:15:43,1362,2555,675,1424,1535,2221,36.8,71.8,,,,,,,,,
21/05/2025,0:15:30,1365,2529,671,1434,1533,2219,36.8,71.8,,,,,,,,,
21/05/2025,0:15:17,1364,2531,675,1430,1535,2224,36.8,71.8,,,,,,,,,
21/05/2025,0:15:04,1360,2535,683,1435,1535,2210,36.8,71.8,,,,,,,,,
21/05/2025,0:14:51,1367,2540,672,1437,1535,2227,36.8,71.8,,,,,,,,,
21/05/2025,0:14:39,1366,2544,686,1428,1535,2231,36.8,71.8,,,,,,,,,
21/05/2025,0:14:25,1366,2539,682,1439,1535,2233,36.8,71.8,,,,,,,,,
21/05/2025,0:14:12,1372,2543,677,1439,1552,2231,36.8,71.8,,,,,,,,,
21/05/2025,0:13:58,1370,2542,679,1441,1535,2237,36.8,71.8,,,,,,,,,
21/05/2025,0:13:46,1378,2544,682,1438,1535,2238,36.8,71.8,,,,,,,,,
21/05/2025,0:13:33,1378,2525,645,1438,1535,2246,36.8,71.8,,,,,,,,,
21/05/2025,0:13:21,1382,2515,688,1440,1535,2240,36.8,71.8,,,,,,,,,
21/05/2025,0:13:08,1387,2544,684,1445,1535,2247,36.8,71.8,,,,,,,,,
21/05/2025,0:12:55,1382,2547,688,1450,1535,2246,36.8,71.8,,,,,,,,,
21/05/2025,0:12:43,1387,2547,691,1445,1535,2251,36.8,71.8,,,,,,,,,
21/05/2025,0:12:30,1393,2556,691,1455,1535,2254,36.8,71.8,,,,,,,,,
21/05/2025,0:12:17,1382,2548,688,1455,1535,2261,36.8,71.9,,,,,,,,,
21/05/2025,0:12:04,1381,2549,689,1453,1535,2253,36.8,71.8,,,,,,,,,
21/05/2025,0:11:51,1391,2554,690,1463,1535,2251,36.8,71.8,,,,,,,,,
21/05/2025,0:11:38,1386,2551,692,1455,1535,2256,36.8,71.8,,,,,,,,,
21/05/2025,0:11:25,1392,2547,690,1457,1535,2256,36.8,71.8,,,,,,,,,
21/05/2025,0:11:12,1390,2553,690,1450,1535,2258,36.8,71.8,,,,,,,,,
21/05/2025,0:10:59,1396,2557,692,1455,1535,2240,36.8,71.8,,,,,,,,,
21/05/2025,0:10:47,1392,2553,691,1453,1535,2277,36.8,71.8,,,,,,,,,
21/05/2025,0:10:33,1393,2558,704,1457,1535,2268,36.8,71.7,,,,,,,,,
21/05/2025,0:10:21,1395,2554,702,1456,1535,2271,36.8,71.8,,,,,,,,,
21/05/2025,0:10:08,1393,2555,702,1459,1535,2275,36.8,71.8,,,,,,,,,
21/05/2025,0:09:55,1395,2559,704,1468,1535,2277,36.8,71.8,,,,,,,,,
21/05/2025,0:09:42,1403,2555,703,1456,1535,2277,36.8,71.8,,,,,,,,,
21/05/2025,0:09:30,1408,2556,704,1456,1535,2282,36.8,71.8,,,,,,,,,
21/05/2025,0:09:17,1409,2559,708,1456,1535,2283,36.8,71.9,,,,,,,,,
21/05/2025,0:09:04,1392,2555,704,1453,1533,2275,36.8,71.8,,,,,,,,,
21/05/2025,0:08:51,1403,2558,704,1456,1523,2282,36.9,71.9,,,,,,,,,
21/05/2025,0:08:39,1455,2550,706,1462,1533,2279,36.9,71.8,,,,,,,,,
21/05/2025,0:08:26,1409,2559,707,1471,1535,2287,36.9,71.9,,,,,,,,,
21/05/2025,0:08:13,1410,2559,706,1463,1535,2287,36.9,71.8,,,,,,,,,
21/05/2025,0:08:01,1408,2559,705,1461,1527,2291,36.9,71.9,,,,,,,,,
21/05/2025,0:07:48,1419,2554,703,1457,1535,2285,36.9,71.9,,,,,,,,,
21/05/2025,0:07:36,1409,2559,720,1462,1533,2293,36.9,71.9,,,,,,,,,
21/05/2025,0:07:23,1423,2559,718,1493,1535,2298,36.9,71.9,,,,,,,,,
21/05/2025,0:07:10,1424,2559,720,1473,1535,2299,36.9,72,,,,,,,,,
21/05/2025,0:06:57,1416,2559,718,1469,1535,2287,36.9,72,,,,,,,,,
21/05/2025,0:06:44,1409,2559,710,1466,1535,2337,36.9,72,,,,,,,,,
21/05/2025,0:06:31,1421,2559,719,1471,1531,2299,36.9,72,,,,,,,,,
21/05/2025,0:06:19,1418,2578,715,1472,1534,2304,36.9,72,,,,,,,,,
21/05/2025,0:06:06,1422,2581,720,1472,1535,2306,36.9,72,,,,,,,,,
21/05/2025,0:05:53,1425,2578,721,1478,1535,2298,36.9,72.1,,,,,,,,,
21/05/2025,0:05:40,1419,2559,719,1469,1533,2303,36.9,72.1,,,,,,,,,
21/05/2025,0:05:27,1424,2580,720,1459,1535,2288,36.9,72.2,,,,,,,,,
21/05/2025,0:05:14,1427,2559,724,1477,1531,2306,36.9,72.2,,,,,,,,,
21/05/2025,0:05:01,1465,2559,721,1473,1530,2307,36.9,72.2,,,,,,,,,
21/05/2025,0:04:48,1430,2583,720,1472,1534,2303,36.9,72.2,,,,,,,,,
21/05/2025,0:04:35,1425,2559,730,1483,1527,2307,36.9,72.2,,,,,,,,,
21/05/2025,0:04:22,1427,2579,727,1471,1535,2315,36.9,72.2,,,,,,,,,
21/05/2025,0:04:10,1430,2577,721,1472,1531,2346,36.9,72.2,,,,,,,,,
21/05/2025,0:03:57,1426,2583,729,1470,1531,2313,36.9,72.2,,,,,,,,,
21/05/2025,0:03:44,1429,2559,722,1463,1534,2313,36.9,72.2,,,,,,,,,
21/05/2025,0:03:31,1426,2559,716,1472,1530,2309,36.9,72.1,,,,,,,,,
21/05/2025,0:03:19,1429,2581,725,1475,1524,2309,36.9,72.1,,,,,,,,,
21/05/2025,0:03:06,1431,2559,720,1470,1530,2318,36.9,72.1,,,,,,,,,
21/05/2025,0:02:53,1429,2559,720,1478,1530,2306,36.9,72.1,,,,,,,,,
21/05/2025,0:02:40,1428,2559,720,1463,1531,2306,36.9,72.1,,,,,,,,,
21/05/2025,0:02:27,1434,2586,717,1472,1526,2307,36.9,72.1,,,,,,,,,
21/05/2025,0:02:14,1434,2582,737,1466,1534,2306,36.9,72,,,,,,,,,
21/05/2025,0:02:02,1439,2587,721,1483,1526,2309,36.9,72,,,,,,,,,
21/05/2025,0:01:49,1431,2592,735,1479,1534,2323,36.9,71.9,,,,,,,,,
21/05/2025,0:01:36,1440,2593,735,1474,1535,2314,36.9,72.1,,,,,,,,,
21/05/2025,0:01:23,1441,2596,713,1483,1533,2314,36.9,72,,,,,,,,,
21/05/2025,0:01:11,1406,2591,733,1475,1534,2319,36.9,72,,,,,,,,,
21/05/2025,0:00:58,1445,2597,733,1471,1527,2320,36.9,72,,,,,,,,,
21/05/2025,0:00:45,1438,2593,715,1471,1527,2321,36.9,72,,,,,,,,,
21/05/2025,0:00:33,1451,2595,728,1478,1531,2320,36.9,72,,,,,,,,,
21/05/2025,0:00:20,1445,2593,727,1475,1525,2320,36.9,72,,,,,,,,,
21/05/2025,0:00:08,1438,2592,720,1482,1525,2320,36.9,72,,,,,,,,,
20/05/2025,23:59:54,1440,2592,720,1470,1525,2315,36.9,72.1,,,,,,,,,
20/05/2025,23:59:41,1441,2589,727,1475,1522,2315,36.9,72,,,,,,,,,
20/05/2025,23:59:27,1439,2593,721,1475,1531,2335,36.9,72,,,,,,,,,
20/05/2025,23:59:14,1437,2602,727,1483,1533,2320,36.9,72,,,,,,,,,
20/05/2025,23:59:02,1439,2595,725,1472,1521,2318,36.9,71.9,,,,,,,,,
20/05/2025,23:58:48,1442,2591,727,1474,1522,2309,37,72,,,,,,,,,
20/05/2025,23:58:36,1436,2591,731,1472,1522,2311,37,72,,,,,,,,,
20/05/2025,23:58:23,1445,2591,732,1475,1522,2287,37,72,,,,,,,,,
20/05/2025,23:58:10,1454,2594,731,1468,1530,2318,37,71.9,,,,,,,,,
20/05/2025,23:57:57,1443,2595,727,1471,1528,2315,37,72,,,,,,,,,
20/05/2025,23:57:45,1429,2594,732,1471,1520,2305,37,72,,,,,,,,,
20/05/2025,23:57:32,1451,2587,725,1471,1521,2309,37,72,,,,,,,,,
20/05/2025,23:57:19,1442,2599,794,1472,1521,2317,37,72,,,,,,,,,
20/05/2025,23:57:07,1454,2599,750,1483,1513,2315,37,72,,,,,,,,,
20/05/2025,23:56:54,1447,2595,723,1472,1525,2315,37,72,,,,,,,,,
20/05/2025,23:56:42,1449,2597,727,1476,1519,2304,37,72.1,,,,,,,,,
20/05/2025,23:56:29,1455,2594,727,1472,1520,2310,37,72,,,,,,,,,
20/05/2025,23:56:16,1443,2599,727,1463,1519,2309,37,72,,,,,,,,,
20/05/2025,23:56:03,1443,2592,739,1482,1520,2305,37,72,,,,,,,,,
20/05/2025,23:55:51,1442,2595,739,1467,1519,2302,37,72,,,,,,,,,
20/05/2025,23:55:38,1441,2595,741,1468,1515,2304,37,72,,,,,,,,,
20/05/2025,23:55:26,1452,2594,735,1475,1520,2307,37,72,,,,,,,,,
20/05/2025,23:55:13,1450,2595,733,1465,1518,2299,37,72,,,,,,,,,
20/05/2025,23:54:59,1452,2604,719,1465,1511,2305,37,72,,,,,,,,,
20/05/2025,23:54:45,1453,2603,733,1481,1514,2301,37,72,,,,,,,,,
20/05/2025,23:54:32,1455,2594,734,1461,1510,2291,37,72,,,,,,,,,
20/05/2025,23:54:19,1453,2594,737,1466,1511,2302,37,72,,,,,,,,,
20/05/2025,23:54:06,1447,2595,736,1472,1517,2302,37,72,,,,,,,,,
20/05/2025,23:53:53,1447,2596,733,1464,1510,2301,37,72,,,,,,,,,
20/05/2025,23:53:39,1461,2601,729,1471,1516,2303,37,72,,,,,,,,,
20/05/2025,23:53:27,1456,2598,735,1463,1506,2294,37,72,,,,,,,,,
20/05/2025,23:53:13,1452,2591,759,1461,1510,2291,37,72,,,,,,,,,
20/05/2025,23:53:00,1456,2593,723,1454,1502,2289,37,72,,,,,,,,,
20/05/2025,23:52:45,1454,2594,725,1461,1501,2292,37,72,,,,,,,,,
20/05/2025,23:52:31,1453,2595,739,1467,1505,2187,37,72,,,,,,,,,
20/05/2025,23:52:17,1449,2593,735,1470,1502,2287,37,72,,,,,,,,,
20/05/2025,23:52:04,1456,2583,720,1456,1495,2284,37,72,,,,,,,,,
20/05/2025,23:51:50,1449,2587,722,1459,1498,2288,37.1,72,,,,,,,,,
20/05/2025,23:51:37,1457,2581,742,1454,1501,2285,37.1,72,,,,,,,,,
20/05/2025,23:51:24,1454,2588,720,1469,1500,2279,37.1,72,,,,,,,,,
20/05/2025,23:51:11,1450,2586,725,1457,1491,2278,37.1,72,,,,,,,,,
20/05/2025,23:50:58,1449,2588,710,1457,1500,2278,37.1,72,,,,,,,,,
20/05/2025,23:50:45,1450,2583,720,1467,1473,2282,37,72,,,,,,,,,
20/05/2025,23:50:31,1443,2579,720,1454,1456,2262,37.1,72,,,,,,,,,
20/05/2025,23:50:19,1451,2578,721,1450,1495,2271,37,72,,,,,,,,,
20/05/2025,23:50:06,1450,2559,726,1458,1491,2306,37.1,72.1,,,,,,,,,
20/05/2025,23:49:53,1438,2559,720,1451,1488,2265,37,72.2,,,,,,,,,
20/05/2025,23:49:39,1443,2559,721,1460,1488,2265,37,72.2,,,,,,,,,
20/05/2025,23:49:26,1441,2559,720,1454,1479,2261,37,72.2,,,,,,,,,
20/05/2025,23:49:14,1438,2559,707,1445,1479,2256,37,72.2,,,,,,,,,
20/05/2025,23:49:01,1444,2559,704,1444,1488,2256,37,72.2,,,,,,,,,
20/05/2025,23:48:48,1482,2555,704,1434,1483,2254,37,72.2,,,,,,,,,
20/05/2025,23:48:34,1440,2559,720,1456,1488,2267,37,72.1,,,,,,,,,
20/05/2025,23:48:20,1442,2559,704,1449,1471,2266,37,72.1,,,,,,,,,
20/05/2025,23:48:07,1443,2559,704,1454,1493,2271,37,72.1,,,,,,,,,
20/05/2025,23:47:54,1442,2559,706,1439,1487,2266,37,72.1,,,,,,,,,
20/05/2025,23:47:42,1435,2559,716,1446,1488,2249,37,72.1,,,,,,,,,
20/05/2025,23:47:28,1438,2559,707,1448,1488,2256,37,72,,,,,,,,,
20/05/2025,23:47:15,1429,2559,691,1443,1481,2250,37,72.1,,,,,,,,,
20/05/2025,23:47:01,1429,2551,694,1441,1476,2243,37,72.1,,,,,,,,,
20/05/2025,23:46:47,1429,2550,697,1449,1513,2239,37,72.1,,,,,,,,,
20/05/2025,23:46:34,1430,2554,689,1447,1475,2247,37,72.1,,,,,,,,,
20/05/2025,23:46:21,1425,2545,688,1438,1475,2235,37,72.2,,,,,,,,,
20/05/2025,23:46:07,1423,2544,688,1424,1472,2233,37,72.2,,,,,,,,,
20/05/2025,23:45:54,1421,2538,681,1437,1469,2237,36.9,72.2,,,,,,,,,
20/05/2025,23:45:40,1411,2525,656,1431,1497,2218,36.9,72.2,,,,,,,,,
20/05/2025,23:45:27,1409,2538,661,1424,1472,2229,36.9,72.2,,,,,,,,,
20/05/2025,23:45:13,1429,2559,703,1441,1485,2254,36.9,72.2,,,,,,,,,
20/05/2025,23:45:00,1434,2559,688,1450,1488,2265,36.9,72.2,,,,,,,,,
20/05/2025,23:44:48,1430,2559,675,1446,1489,2257,36.9,72.2,,,,,,,,,
20/05/2025,23:44:34,1426,2579,675,1447,1488,2259,36.9,72.2,,,,,,,,,
20/05/2025,23:44:20,1429,2581,673,1449,1493,2257,36.9,72.2,,,,,,,,,
20/05/2025,23:44:07,1425,2553,673,1441,1487,2253,36.9,72.3,,,,,,,,,
20/05/2025,23:43:54,1419,2559,673,1445,1487,2256,36.9,72.3,,,,,,,,,
20/05/2025,23:43:39,1417,2559,663,1451,1487,2249,36.9,72.3,,,,,,,,,
20/05/2025,23:43:26,1413,2559,667,1453,1488,2265,36.9,72.3,,,,,,,,,
20/05/2025,23:43:14,1422,2582,677,1456,1492,2259,36.9,72.3,,,,,,,,,
20/05/2025,23:43:01,1427,2585,665,1443,1498,2271,36.9,72.3,,,,,,,,,
20/05/2025,23:42:48,1424,2580,668,1456,1499,2261,36.9,72.2,,,,,,,,,
20/05/2025,23:42:36,1424,2559,678,1441,1490,2256,36.9,72.3,,,,,,,,,
20/05/2025,23:42:23,1414,2579,682,1438,1494,2261,36.9,72.2,,,,,,,,,
20/05/2025,23:42:11,1414,2559,675,1439,1488,2258,36.9,72.1,,,,,,,,,
20/05/2025,23:41:57,1413,2559,667,1439,1479,2256,36.9,72.2,,,,,,,,,
20/05/2025,23:41:43,1408,2558,671,1431,1482,2245,36.9,72.3,,,,,,,,,
20/05/2025,23:41:31,1409,2559,663,1441,1485,2255,36.8,72.3,,,,,,,,,
20/05/2025,23:41:18,1408,2557,665,1443,1482,2249,36.8,72.3,,,,,,,,,
20/05/2025,23:41:05,1406,2557,668,1430,1473,2243,36.8,72.3,,,,,,,,,
20/05/2025,23:40:53,1417,2559,669,1428,1488,2257,36.8,72.3,,,,,,,,,
20/05/2025,23:40:40,1409,2559,665,1437,1484,2266,36.8,72.4,,,,,,,,,
20/05/2025,23:40:27,1408,2559,683,1443,1485,2252,36.8,72.5,,,,,,,,,
20/05/2025,23:40:15,1417,2559,683,1433,1485,2251,36.8,72.5,,,,,,,,,
20/05/2025,23:40:02,1415,2559,665,1418,1485,2249,36.8,72.5,,,,,,,,,
20/05/2025,23:39:49,1418,2559,687,1407,1481,2255,36.8,72.7,,,,,,,,,
20/05/2025,23:39:36,1424,2559,684,1435,1488,2248,36.8,72.8,,,,,,,,,
20/05/2025,23:39:24,1424,2559,690,1435,1479,2267,36.8,73,,,,,,,,,
20/05/2025,23:39:11,1421,2559,690,1439,1485,2256,36.8,73,,,,,,,,,
20/05/2025,23:38:58,1419,2559,699,1436,1487,2262,36.8,73,,,,,,,,,
20/05/2025,23:38:45,1418,2559,703,1427,1483,2270,36.8,73,,,,,,,,,
20/05/2025,23:38:32,1421,2559,711,1431,1488,2267,36.8,73,,,,,,,,,
20/05/2025,23:38:20,1429,2555,692,1424,1477,2205,36.8,73,,,,,,,,,
20/05/2025,23:38:07,1406,2543,705,1424,1469,2253,36.8,73,,,,,,,,,
20/05/2025,23:37:54,1406,2529,701,1420,1463,2245,36.8,73,,,,,,,,,
20/05/2025,23:37:41,1408,2527,700,1418,1462,2241,36.8,73,,,,,,,,,
20/05/2025,23:37:29,1402,2518,704,1405,1461,2241,36.8,73,,,,,,,,,
20/05/2025,23:37:15,1392,2516,706,1373,1455,2235,36.8,73,,,,,,,,,
20/05/2025,23:37:01,1394,2509,707,1409,1439,2230,36.8,72.9,,,,,,,,,
20/05/2025,23:36:47,1403,2507,715,1406,1447,2234,36.8,72.9,,,,,,,,,
20/05/2025,23:36:34,1394,2501,720,1393,1452,2224,36.8,73,,,,,,,,,
20/05/2025,23:36:22,1391,2486,727,1386,1441,2214,36.8,72.9,,,,,,,,,
20/05/2025,23:36:09,1390,2483,721,1382,1428,2206,36.8,73,,,,,,,,,
20/05/2025,23:35:56,1385,2463,725,1385,1425,2192,36.8,72.9,,,,,,,,,
20/05/2025,23:35:42,1370,2455,723,1366,1418,2179,36.8,72.9,,,,,,,,,
20/05/2025,23:35:30,1367,2443,726,1370,1417,2177,36.8,72.9,,,,,,,,,
20/05/2025,23:35:17,1371,2436,722,1349,1410,2166,36.8,73,,,,,,,,,
20/05/2025,23:35:03,1356,2422,726,1355,1406,2111,36.8,73,,,,,,,,,
20/05/2025,23:34:50,1356,2416,733,1353,1398,2155,36.8,73,,,,,,,,,
20/05/2025,23:34:37,1357,2399,720,1344,1399,2151,36.8,73,,,,,,,,,
20/05/2025,23:34:24,1344,2407,714,1331,1392,2133,36.8,73,,,,,,,,,
20/05/2025,23:34:12,1328,2369,719,1319,1381,2123,36.8,73,,,,,,,,,
20/05/2025,23:33:59,1327,2368,704,1328,1375,2123,36.8,73,,,,,,,,,
20/05/2025,23:33:46,1329,2363,718,1314,1375,2127,36.8,73,,,,,,,,,
20/05/2025,23:33:34,1319,2354,697,1313,1373,2109,36.8,73.1,,,,,,,,,
20/05/2025,23:33:21,1321,2352,698,1310,1366,2107,36.8,73,,,,,,,,,
20/05/2025,23:33:08,1325,2352,709,1306,1369,2115,36.8,73.1,,,,,,,,,
20/05/2025,23:32:55,1309,2350,704,1302,1363,2111,36.8,73.1,,,,,,,,,
20/05/2025,23:32:42,1301,2346,711,1296,1363,2107,36.8,73.1,,,,,,,,,
20/05/2025,23:32:28,1327,2368,712,1306,1377,2128,36.8,73.1,,,,,,,,,
20/05/2025,23:32:16,1324,2341,718,1299,1360,2145,36.8,73.1,,,,,,,,,
20/05/2025,23:32:03,1296,2320,711,1286,1354,2085,36.8,73.2,,,,,,,,,
20/05/2025,23:31:50,1290,2314,714,1280,1344,2082,36.8,73.2,,,,,,,,,
20/05/2025,23:31:37,1290,2289,697,1279,1344,2062,36.8,73.2,,,,,,,,,
20/05/2025,23:31:24,1270,2285,690,1270,1331,2061,36.8,73.2,,,,,,,,,
20/05/2025,23:31:11,1262,2261,683,1266,1330,2047,36.8,73.2,,,,,,,,,
20/05/2025,23:30:59,1257,2262,683,1259,1328,2041,36.8,73.2,,,,,,,,,
20/05/2025,23:30:46,1250,2250,673,1258,1324,2031,36.8,73.3,,,,,,,,,
20/05/2025,23:30:33,1238,2240,669,1245,1319,2025,36.7,73.3,,,,,,,,,
20/05/2025,23:30:20,1250,2247,667,1253,1328,2043,36.7,73.2,,,,,,,,,
20/05/2025,23:30:08,1237,2247,670,1244,1323,2039,36.7,73.2,,,,,,,,,
20/05/2025,23:29:54,1186,2259,662,1254,1331,2038,36.7,73.3,,,,,,,,,
20/05/2025,23:29:41,1252,2251,656,1253,1330,2055,36.7,73.3,,,,,,,,,
20/05/2025,23:29:28,1235,2240,655,1232,1318,2028,36.7,73.2,,,,,,,,,
20/05/2025,23:29:14,1222,2235,666,1249,1328,2032,36.7,73.3,,,,,,,,,
20/05/2025,23:29:02,1213,2222,653,1232,1319,2021,36.7,73.3,,,,,,,,,
20/05/2025,23:28:49,1217,2225,652,1251,1317,2030,36.7,73.3,,,,,,,,,
20/05/2025,23:28:36,1211,2238,642,1250,1329,2047,36.7,73.4,,,,,,,,,
20/05/2025,23:28:26,1205,2213,635,1233,1325,2032,36.7,73.3,,,,,,,,,
20/05/2025,23:28:08,1190,2219,636,1232,1326,2031,36.7,73.4,,,,,,,,,
20/05/2025,23:27:55,1185,2207,630,1229,1311,2021,36.7,73.3,,,,,,,,,
20/05/2025,23:27:43,1190,2213,626,1232,1328,2029,36.7,73.3,,,,,,,,,
20/05/2025,23:27:30,1179,2207,640,1232,1325,2029,36.7,73.3,,,,,,,,,
20/05/2025,23:27:17,1167,2203,621,1233,1317,2023,36.6,73.3,,,,,,,,,
20/05/2025,23:27:04,1159,2197,624,1231,1322,2032,36.7,73.3,,,,,,,,,
20/05/2025,23:26:51,1158,2184,608,1231,1312,2019,36.6,73.3,,,,,,,,,
20/05/2025,23:26:39,1145,2187,607,1231,1315,2027,36.6,73.3,,,,,,,,,
20/05/2025,23:26:26,1148,2183,611,1227,1315,2020,36.6,73.3,,,,,,,,,
20/05/2025,23:26:14,1141,2183,607,1217,1315,2027,36.6,73.3,,,,,,,,,
20/05/2025,23:26:01,1131,2179,603,1221,1317,2026,36.6,73.3,,,,,,,,,
20/05/2025,23:25:48,1134,2183,603,1218,1325,2031,36.6,73.3,,,,,,,,,
20/05/2025,23:25:35,1123,2189,602,1227,1319,2021,36.6,73.3,,,,,,,,,
20/05/2025,23:25:23,1126,2183,613,1221,1328,2032,36.6,73.2,,,,,,,,,
20/05/2025,23:25:10,1109,2179,594,1219,1326,2033,36.6,73.3,,,,,,,,,
20/05/2025,23:24:58,1116,2188,599,1215,1323,2032,36.6,73.4,,,,,,,,,
20/05/2025,23:24:45,1104,2181,602,1223,1325,2033,36.6,73.6,,,,,,,,,
20/05/2025,23:24:33,1102,2177,607,1223,1328,2039,36.6,73.6,,,,,,,,,
20/05/2025,23:24:20,1099,2159,592,1230,1316,2031,36.6,73.8,,,,,,,,,
20/05/2025,23:24:07,1087,2163,590,1226,1323,2028,36.6,73.8,,,,,,,,,
20/05/2025,23:23:54,1094,2172,603,1218,1322,2028,36.5,74,,,,,,,,,
20/05/2025,23:23:41,1078,2167,595,1218,1325,2032,36.5,74.1,,,,,,,,,
20/05/2025,23:23:29,1072,2151,581,1215,1317,2026,36.5,74.1,,,,,,,,,
20/05/2025,23:23:16,1070,2142,591,1214,1315,2021,36.5,74.2,,,,,,,,,
20/05/2025,23:23:03,1054,2128,585,1207,1312,2015,36.5,74.2,,,,,,,,,
20/05/2025,23:22:50,1051,2118,581,1198,1311,2006,36.5,74.2,,,,,,,,,
20/05/2025,23:22:37,1023,2112,567,1200,1297,2012,36.4,74.3,,,,,,,,,
20/05/2025,23:22:24,1018,2115,576,1206,1310,2006,36.4,74.2,,,,,,,,,
20/05/2025,23:22:12,1008,2102,569,1203,1296,1999,36.4,74.3,,,,,,,,,
20/05/2025,23:21:58,997,2103,555,1211,1306,2007,36.4,74.3,,,,,,,,,
20/05/2025,23:21:45,991,2096,558,1205,1307,2000,36.3,74.3,,,,,,,,,
20/05/2025,23:21:32,985,2095,560,1201,1309,2005,36.3,74.3,,,,,,,,,
20/05/2025,23:21:19,982,2096,558,1214,1312,2011,36.3,74.3,,,,,,,,,
20/05/2025,23:21:03,976,2070,560,1211,1316,2005,36.3,74.4,,,,,,,,,
20/05/2025,23:20:50,960,2082,540,1210,1301,2000,36.3,74.4,,,,,,,,,
20/05/2025,23:20:36,958,2067,546,1213,1309,1999,36.2,74.3,,,,,,,,,
20/05/2025,23:20:22,933,2059,529,1210,1305,1995,36.2,74.4,,,,,,,,,
20/05/2025,23:20:09,933,2061,537,1211,1303,2000,36.2,74.5,,,,,,,,,
20/05/2025,23:19:57,927,2063,528,1207,1310,1996,36.2,74.6,,,,,,,,,
20/05/2025,23:19:44,914,2045,525,1211,1307,1995,36.1,74.6,,,,,,,,,
20/05/2025,23:19:30,905,2047,511,1179,1312,1998,36.1,74.7,,,,,,,,,
20/05/2025,23:19:17,900,2043,511,1229,1309,1995,36.1,74.8,,,,,,,,,
20/05/2025,23:19:04,886,2054,528,1226,1313,1983,36.1,74.9,,,,,,,,,
20/05/2025,23:18:51,891,2038,511,1232,1314,2002,36,75.1,,,,,,,,,
20/05/2025,23:18:39,912,2023,503,1245,1304,1990,36,75.2,,,,,,,,,
20/05/2025,23:18:26,867,1994,496,1230,1303,1981,36,75.3,,,,,,,,,
20/05/2025,23:18:13,857,1984,481,1232,1295,1894,36,75.5,,,,,,,,,
20/05/2025,23:18:00,850,1969,485,1234,1287,1968,35.9,75.5,,,,,,,,,
20/05/2025,23:17:46,837,1953,466,1242,1285,1955,35.9,75.5,,,,,,,,,
20/05/2025,23:17:33,830,1938,451,1239,1286,1941,35.8,75.6,,,,,,,,,
20/05/2025,23:17:20,799,1919,407,1235,1263,1925,35.8,75.7,,,,,,,,,
20/05/2025,23:17:07,815,1931,432,1262,1290,1941,35.8,75.8,,,,,,,,,
20/05/2025,23:16:54,799,1937,421,1266,1286,1943,35.7,75.9,,,,,,,,,
20/05/2025,23:16:41,772,1872,379,1263,1262,1920,35.7,75.9,,,,,,,,,
20/05/2025,23:16:28,752,1834,357,1262,1252,1894,35.6,76,,,,,,,,,
20/05/2025,23:16:15,739,1809,320,1243,1246,1869,35.6,76.1,,,,,,,,,
20/05/2025,23:16:03,693,1744,283,1193,1205,1814,35.5,76.3,,,,,,,,,
20/05/2025,23:15:50,703,1844,303,1232,1266,1872,35.5,76.3,,,,,,,,,
20/05/2025,23:15:37,765,2032,351,1341,1356,2054,35.5,76.5,,,,,,,,,
20/05/2025,23:15:25,753,2071,343,1343,1361,2080,35.4,76.6,,,,,,,,,
20/05/2025,23:15:12,826,2272,410,1430,1471,2240,35.3,76.7,,,,,,,,,
20/05/2025,23:15:00,816,2212,410,1451,1460,2227,35.3,76.8,,,,,,,,,